name,typ,node,maxcap,heat_rate,mincap,var_om,no_load,st_cost,ramp,minup,mindn
ID_113-10138,coal,bus_403671,839.9,9.75,379.3,6.95,2520.0,108347.0,35.95,12.0,12.0
ID_114-10139,oil,bus_800071,26.1,9.96,9.17,3.42,78.0,783.0,16.2,1.0,1.0
ID_117-10141,ngcc,bus_408441,1101.2,8.037,486.4,3.42,3304.0,52858.0,535.84,1.0,3.0
ID_117-10142,ngcc,bus_408441,106.2,8.037,46.91,3.42,319.0,5098.0,51.68,1.0,3.0
ID_118-10143,ngcc,bus_403691,184.5,8.037,81.49,3.42,554.0,8856.0,89.78,1.0,3.0
ID_120-10144,ngcc,bus_400041,240.6,8.037,106.27,3.42,722.0,11549.0,117.08,1.0,3.0
ID_120-10145,ngcc,bus_400041,86.7,8.037,38.3,3.42,260.0,4162.0,42.19,1.0,3.0
ID_120-10146,oil,bus_400041,97.7,9.96,34.31,3.42,293.0,2931.0,60.62,1.0,1.0
ID_124-10147,ngcc,bus_403691,85.0,8.037,37.54,3.42,255.0,4080.0,41.36,1.0,3.0
ID_126-10148,coal,bus_403691,173.3,9.75,78.26,6.95,520.0,22356.0,7.42,12.0,12.0
ID_126-10149,ngcc,bus_403691,54.0,8.037,23.85,3.42,162.0,2592.0,26.28,1.0,3.0
ID_126-10150,ngcc,bus_403691,331.2,8.037,146.29,3.42,994.0,15898.0,161.16,1.0,3.0
ID_147-10154,ngcc,bus_403671,292.0,8.037,128.98,3.42,876.0,14016.0,142.09,1.0,3.0
ID_147-10155,ngcc,bus_403671,173.7,8.037,76.72,3.42,521.0,8338.0,84.52,1.0,3.0
ID_147-10156,ngcc,bus_403671,108.0,8.037,47.7,3.42,324.0,5184.0,52.55,1.0,3.0
ID_160-10162,coal,bus_403691,408.0,9.75,184.25,6.95,1224.0,52632.0,17.46,12.0,12.0
ID_160-10163,ngcc,bus_403691,171.1,8.037,75.57,3.42,513.0,8213.0,83.26,1.0,3.0
ID_160-10164,ngcc,bus_403691,81.6,8.037,36.04,3.42,245.0,3917.0,39.71,1.0,3.0
ID_4941-10165,coal,bus_407871,2409.3,9.75,1088.04,6.95,7228.0,310800.0,103.12,12.0,12.0
ID_54594-10166,ngcc,bus_403691,1.6,8.037,0.71,3.42,5.0,77.0,0.78,1.0,3.0
ID_54594-10167,oil,bus_403691,1.5,9.96,0.53,3.42,4.0,45.0,0.93,1.0,1.0
ID_54694-10168,ngcc,bus_400041,62.6,8.037,27.65,3.42,188.0,3005.0,30.46,1.0,3.0
ID_55124-10169,ngcc,bus_400081,654.4,8.037,289.05,3.42,1963.0,31411.0,318.43,1.0,3.0
ID_55129-10170,ngcc,bus_403691,646.1,8.037,285.38,3.42,1938.0,31013.0,314.39,1.0,3.0
ID_55177-10171,ngcc,bus_400081,708.0,8.037,312.72,3.42,2124.0,33984.0,344.51,1.0,3.0
ID_55282-10172,ngcc,bus_409941,713.0,8.037,314.93,3.42,2139.0,34224.0,346.95,1.0,3.0
ID_55306-10173,ngcc,bus_409611,619.0,8.037,273.41,3.42,1857.0,29712.0,301.21,1.0,3.0
ID_55372-10174,ngcc,bus_408441,1325.1,8.037,585.3,3.42,3975.0,63605.0,644.79,1.0,3.0
ID_55455-10175,ngcc,bus_409941,1140.3,8.037,503.67,3.42,3421.0,54734.0,554.87,1.0,3.0
ID_55481-10176,ngcc,bus_409941,691.6,8.037,305.48,3.42,2075.0,33197.0,336.53,1.0,3.0
ID_55522-10177,ngcc,bus_403691,605.0,8.037,267.23,3.42,1815.0,29040.0,294.39,1.0,3.0
ID_56229-10179,ngcc,bus_403691,9.0,8.037,3.98,3.42,27.0,432.0,4.38,1.0,3.0
ID_56358-10180,biomass,bus_403671,3.0,13.5,1.03,5.41,9.0,36.0,2.8,7.0,7.0
ID_56482-10181,ngcc,bus_400061,121.0,8.037,53.45,3.42,363.0,5808.0,58.88,1.0,3.0
ID_56616-10182,biomass,bus_405951,27.2,13.5,9.32,5.41,82.0,326.0,25.37,7.0,7.0
ID_56899-10184,oil,bus_407871,3.0,9.96,1.05,3.42,9.0,90.0,1.86,1.0,1.0
ID_56948-10185,ngcc,bus_403671,726.0,8.037,320.67,3.42,2178.0,34848.0,353.27,1.0,3.0
ID_57403-10250,biomass,bus_401601,3.2,13.5,1.1,5.41,10.0,38.0,2.98,7.0,7.0
ID_57829-10271,biomass,bus_401601,2.8,13.5,0.96,5.41,8.0,34.0,2.61,7.0,7.0
ID_58199-10340,ngcc,bus_402811,9.2,8.037,4.06,3.42,28.0,442.0,4.48,1.0,3.0
ID_58557-10353,ngcc,bus_409941,691.6,8.037,305.48,3.42,2075.0,33197.0,336.53,1.0,3.0
ID_59233-10379,ngcc,bus_403691,6.0,8.037,2.65,3.42,18.0,288.0,2.92,1.0,3.0
ID_59338-10380,ngcc,bus_409611,1238.0,8.037,546.82,3.42,3714.0,59424.0,602.41,1.0,3.0
ID_59784-10386,ngcc,bus_409611,619.0,8.037,273.41,3.42,1857.0,29712.0,301.21,1.0,3.0
ID_6088-10389,ngcc,bus_403691,107.8,8.037,47.62,3.42,323.0,5174.0,52.46,1.0,3.0
ID_6177-10390,coal,bus_403671,821.8,9.75,371.12,6.95,2465.0,106012.0,35.17,12.0,12.0
ID_6515-10391,ngcc,bus_800071,108.0,8.037,47.7,3.42,324.0,5184.0,52.55,1.0,3.0
ID_8068-10393,ngcc,bus_403671,1326.0,8.037,585.69,3.42,3978.0,63648.0,645.23,1.0,3.0
ID_10026-10558,biomass,bus_285491,3.2,13.5,1.1,5.41,10.0,38.0,2.98,7.0,7.0
ID_10034-10560,ngcc,bus_230171,130.0,8.037,57.42,3.42,390.0,6240.0,63.26,1.0,3.0
ID_10042-10561,ngcc,bus_230601,3.5,8.037,1.55,3.42,10.0,168.0,1.7,1.0,3.0
ID_10052-10562,biomass,bus_200001,18.8,13.5,6.44,5.41,56.0,226.0,17.53,7.0,7.0
ID_10074-10563,biomass,bus_200001,20.0,13.5,6.85,5.41,60.0,240.0,18.65,7.0,7.0
ID_10090-10564,biomass,bus_255981,12.0,13.5,4.11,5.41,36.0,144.0,11.19,7.0,7.0
ID_10091-10565,biomass,bus_253751,38.4,13.5,13.16,5.41,115.0,461.0,35.81,7.0,7.0
ID_10110-10566,ngcc,bus_261331,6.0,8.037,2.65,3.42,18.0,288.0,2.92,1.0,3.0
ID_10115-10567,ngcc,bus_285491,1.6,8.037,0.71,3.42,5.0,77.0,0.78,1.0,3.0
ID_10144-10570,biomass,bus_201361,19.2,13.5,6.58,5.41,58.0,230.0,17.91,7.0,7.0
ID_10156-10571,ngcc,bus_261331,60.3,8.037,26.63,3.42,181.0,2894.0,29.34,1.0,3.0
ID_10156-10572,ngcc,bus_261331,22.3,8.037,9.85,3.42,67.0,1070.0,10.85,1.0,3.0
ID_10169-10574,ngcc,bus_253751,55.8,8.037,24.65,3.42,167.0,2678.0,27.15,1.0,3.0
ID_10175-10575,ngcc,bus_285491,3.5,8.037,1.55,3.42,10.0,168.0,1.7,1.0,3.0
ID_10175-10576,oil,bus_285491,6.5,9.96,2.28,3.42,20.0,195.0,4.03,1.0,1.0
ID_10199-10711,geothermal,bus_211211,38.0,9.54,4.17,0.0,114.0,0.0,6.69,6.0,6.0
ID_10206-10712,ngcc,bus_280991,10.4,8.037,4.59,3.42,31.0,499.0,5.06,1.0,3.0
ID_10206-10713,oil,bus_280991,1.7,9.96,0.6,3.42,5.0,51.0,1.05,1.0,1.0
ID_10213-10714,ngcc,bus_254031,180.1,8.037,79.55,3.42,540.0,8645.0,87.64,1.0,3.0
ID_10262-10717,ngcc,bus_256181,13.0,8.037,5.74,3.42,39.0,624.0,6.33,1.0,3.0
ID_10288-10719,biomass,bus_201361,9.3,13.5,3.19,5.41,28.0,112.0,8.67,7.0,7.0
ID_10294-10720,ngcc,bus_261331,133.2,8.037,58.83,3.42,400.0,6394.0,64.82,1.0,3.0
ID_10300-10721,biomass,bus_286671,55.5,13.5,19.02,5.41,166.0,666.0,51.76,7.0,7.0
ID_10342-10722,ngcc,bus_211211,113.5,8.037,50.13,3.42,340.0,5448.0,55.23,1.0,3.0
ID_10349-10723,ngcc,bus_201361,49.5,8.037,21.86,3.42,148.0,2376.0,24.09,1.0,3.0
ID_10350-10724,ngcc,bus_201361,66.0,8.037,29.15,3.42,198.0,3168.0,32.12,1.0,3.0
ID_10387-10725,biomass,bus_285491,5.4,13.5,1.85,5.41,16.0,65.0,5.04,7.0,7.0
ID_10395-10726,biomass,bus_280781,20.0,13.5,6.85,5.41,60.0,240.0,18.65,7.0,7.0
ID_10405-10727,ngcc,bus_230601,36.2,8.037,15.99,3.42,109.0,1738.0,17.61,1.0,3.0
ID_10427-10728,ngcc,bus_280991,34.0,8.037,15.02,3.42,102.0,1632.0,16.54,1.0,3.0
ID_10478-10737,ngcc,bus_252891,28.3,8.037,12.5,3.42,85.0,1358.0,13.77,1.0,3.0
ID_10479-10738,geothermal,bus_230601,15.0,9.54,1.65,0.0,45.0,0.0,2.64,6.0,6.0
ID_10480-10739,geothermal,bus_230601,10.0,9.54,1.1,0.0,30.0,0.0,1.76,6.0,6.0
ID_10481-10740,geothermal,bus_230601,30.0,9.54,3.29,0.0,90.0,0.0,5.28,6.0,6.0
ID_10496-10741,ngcc,bus_252891,300.0,8.037,132.51,3.42,900.0,14400.0,145.98,1.0,3.0
ID_10501-10742,ngcc,bus_252891,39.1,8.037,17.27,3.42,117.0,1877.0,19.03,1.0,3.0
ID_10502-10743,biomass,bus_211211,23.0,13.5,7.88,5.41,69.0,276.0,21.45,7.0,7.0
ID_10548-10744,ngcc,bus_211211,6.0,8.037,2.65,3.42,18.0,288.0,2.92,1.0,3.0
ID_10600-10960,ngcc,bus_285491,3.1,8.037,1.37,3.42,9.0,149.0,1.51,1.0,3.0
ID_10623-10961,ngcc,bus_255981,34.5,8.037,15.24,3.42,104.0,1656.0,16.79,1.0,3.0
ID_10631-10962,geothermal,bus_286671,35.8,9.54,3.93,0.0,107.0,0.0,6.3,6.0,6.0
ID_10632-10963,geothermal,bus_286671,35.8,9.54,3.93,0.0,107.0,0.0,6.3,6.0,6.0
ID_10634-10964,geothermal,bus_286671,35.8,9.54,3.93,0.0,107.0,0.0,6.3,6.0,6.0
ID_10635-10965,ngcc,bus_280991,47.0,8.037,20.76,3.42,141.0,2256.0,22.87,1.0,3.0
ID_10648-10966,biomass,bus_280991,5.4,13.5,1.85,5.41,16.0,65.0,5.04,7.0,7.0
ID_10649-10967,ngcc,bus_252891,46.0,8.037,20.32,3.42,138.0,2208.0,22.38,1.0,3.0
ID_10650-10968,ngcc,bus_252891,46.0,8.037,20.32,3.42,138.0,2208.0,22.38,1.0,3.0
ID_10652-10969,biomass,bus_133661,31.0,13.5,10.62,5.41,93.0,372.0,28.91,7.0,7.0
ID_10661-10970,biomass,bus_300011,12.0,13.5,4.11,5.41,36.0,144.0,11.19,7.0,7.0
ID_10677-10971,ngcc,bus_252891,90.0,8.037,39.75,3.42,270.0,4320.0,43.79,1.0,3.0
ID_10684-10972,coal,bus_280991,62.5,9.75,28.22,6.95,188.0,8062.0,2.68,12.0,12.0
ID_10685-10973,ngcc,bus_280991,20.0,8.037,8.83,3.42,60.0,960.0,9.73,1.0,3.0
ID_10720-10990,ngcc,bus_285491,3.8,8.037,1.68,3.42,11.0,182.0,1.85,1.0,3.0
ID_10748-10991,biomass,bus_233771,5.0,13.5,1.71,5.41,15.0,60.0,4.66,7.0,7.0
ID_10759-10992,geothermal,bus_286671,53.9,9.54,5.91,0.0,162.0,0.0,9.49,6.0,6.0
ID_10763-10993,geothermal,bus_400041,29.6,9.54,3.25,0.0,89.0,0.0,5.21,6.0,6.0
ID_10764-10994,biomass,bus_200001,13.8,13.5,4.73,5.41,41.0,166.0,12.87,7.0,7.0
ID_10767-10995,biomass,bus_230601,28.0,13.5,9.6,5.41,84.0,336.0,26.11,7.0,7.0
ID_10768-10996,coal,bus_252891,38.2,9.75,17.25,6.95,115.0,4928.0,1.63,12.0,12.0
ID_10776-10997,ngcc,bus_258301,48.5,8.037,21.42,3.42,146.0,2328.0,23.6,1.0,3.0
ID_10777-10998,biomass,bus_300011,36.2,13.5,12.41,5.41,109.0,434.0,33.76,7.0,7.0
ID_10810-10999,ngcc,bus_285491,25.6,8.037,11.31,3.42,77.0,1229.0,12.46,1.0,3.0
ID_10811-101000,ngcc,bus_285491,55.2,8.037,24.38,3.42,166.0,2650.0,26.86,1.0,3.0
ID_10812-101001,ngcc,bus_285491,40.3,8.037,17.8,3.42,121.0,1934.0,19.61,1.0,3.0
ID_10820-101002,biomass,bus_280781,1.2,13.5,0.41,5.41,4.0,14.0,1.12,7.0,7.0
ID_10836-101003,biomass,bus_201361,28.0,13.5,9.6,5.41,84.0,336.0,26.11,7.0,7.0
ID_10837-101004,biomass,bus_230601,28.0,13.5,9.6,5.41,84.0,336.0,26.11,7.0,7.0
ID_10840-101005,biomass,bus_252891,57.0,13.5,19.53,5.41,171.0,684.0,53.16,7.0,7.0
ID_10873-101006,geothermal,bus_280991,92.2,9.54,10.11,0.0,277.0,0.0,16.23,6.0,6.0
ID_10874-101007,geothermal,bus_280991,90.0,9.54,9.87,0.0,270.0,0.0,15.84,6.0,6.0
ID_10875-101008,geothermal,bus_280991,90.0,9.54,9.87,0.0,270.0,0.0,15.84,6.0,6.0
ID_10878-101009,geothermal,bus_286671,10.0,9.54,1.1,0.0,30.0,0.0,1.76,6.0,6.0
ID_10879-101010,geothermal,bus_286671,20.0,9.54,2.19,0.0,60.0,0.0,3.52,6.0,6.0
ID_10884-101014,ngcc,bus_252891,5.6,8.037,2.47,3.42,17.0,269.0,2.72,1.0,3.0
ID_151-101015,ngcc,bus_230541,71.2,8.037,31.45,3.42,214.0,3418.0,34.65,1.0,3.0
ID_151-101016,oil,bus_230541,71.2,9.96,25.01,3.42,214.0,2136.0,44.18,1.0,1.0
ID_246-101046,ngcc,bus_200261,167.0,8.037,73.76,3.42,501.0,8016.0,81.26,1.0,3.0
ID_260-101054,ngcc,bus_233771,1398.0,8.037,617.5,3.42,4194.0,67104.0,680.27,1.0,3.0
ID_260-101055,ngcc,bus_233771,1404.0,8.037,620.15,3.42,4212.0,67392.0,683.19,1.0,3.0
ID_271-101065,ngcc,bus_216471,1403.9,8.037,620.1,3.42,4212.0,67387.0,683.14,1.0,3.0
ID_286-101078,geothermal,bus_211211,1273.0,9.54,139.65,0.0,3819.0,0.0,224.05,6.0,6.0
ID_301-101089,ngcc,bus_285491,18.0,8.037,7.95,3.42,54.0,864.0,8.76,1.0,3.0
ID_302-101090,ngcc,bus_285491,18.0,8.037,7.95,3.42,54.0,864.0,8.76,1.0,3.0
ID_302-101091,ngcc,bus_285491,981.6,8.037,433.57,3.42,2945.0,47117.0,477.65,1.0,3.0
ID_303-101092,ngcc,bus_285491,72.0,8.037,31.8,3.42,216.0,3456.0,35.04,1.0,3.0
ID_305-101093,ngcc,bus_285491,49.0,8.037,21.64,3.42,147.0,2352.0,23.84,1.0,3.0
ID_315-101095,ngcc,bus_261001,1922.0,8.037,848.95,3.42,5766.0,92256.0,935.25,1.0,3.0
ID_331-101109,ngcc,bus_280991,666.0,8.037,294.17,3.42,1998.0,31968.0,324.08,1.0,3.0
ID_335-101111,ngcc,bus_261001,436.0,8.037,192.58,3.42,1308.0,20928.0,212.16,1.0,3.0
ID_341-101118,ngcc,bus_261001,252.0,8.037,111.31,3.42,756.0,12096.0,122.62,1.0,3.0
ID_345-101121,ngcc,bus_258301,138.0,8.037,60.95,3.42,414.0,6624.0,67.15,1.0,3.0
ID_345-101122,ngcc,bus_258301,436.0,8.037,192.58,3.42,1308.0,20928.0,212.16,1.0,3.0
ID_350-101123,ngcc,bus_258301,1612.0,8.037,712.02,3.42,4836.0,77376.0,784.4,1.0,3.0
ID_356-101126,ngcc,bus_261001,1316.4,8.037,581.45,3.42,3949.0,63187.0,640.56,1.0,3.0
ID_358-101128,ngcc,bus_280991,1036.8,8.037,457.95,3.42,3110.0,49766.0,504.51,1.0,3.0
ID_377-101133,biomass,bus_256181,73.0,13.5,25.02,5.41,219.0,876.0,68.08,7.0,7.0
ID_377-101134,ngcc,bus_256181,120.5,8.037,53.22,3.42,362.0,5784.0,58.64,1.0,3.0
ID_377-101135,ngcc,bus_256181,57.4,8.037,25.35,3.42,172.0,2755.0,27.93,1.0,3.0
ID_377-101136,ngcc,bus_256181,50.0,8.037,22.08,3.42,150.0,2400.0,24.33,1.0,3.0
ID_389-101144,ngcc,bus_400041,276.7,8.037,122.22,3.42,830.0,13282.0,134.64,1.0,3.0
ID_389-101145,ngcc,bus_400041,81.6,8.037,36.04,3.42,245.0,3917.0,39.71,1.0,3.0
ID_399-101153,ngcc,bus_261001,245.6,8.037,108.48,3.42,737.0,11789.0,119.51,1.0,3.0
ID_399-101154,ngcc,bus_261001,302.5,8.037,133.61,3.42,908.0,14520.0,147.2,1.0,3.0
ID_400-101155,ngcc,bus_280991,629.9,8.037,278.23,3.42,1890.0,30235.0,306.51,1.0,3.0
ID_400-101156,ngcc,bus_280991,649.2,8.037,286.75,3.42,1948.0,31162.0,315.9,1.0,3.0
ID_400-101157,ngcc,bus_280991,460.0,8.037,203.18,3.42,1380.0,22080.0,223.84,1.0,3.0
ID_404-101161,ngcc,bus_261001,326.4,8.037,144.17,3.42,979.0,15667.0,158.83,1.0,3.0
ID_408-101163,ngcc,bus_252891,630.0,8.037,278.27,3.42,1890.0,30240.0,306.56,1.0,3.0
ID_408-101164,ngcc,bus_252891,60.5,8.037,26.72,3.42,182.0,2904.0,29.44,1.0,3.0
ID_420-101175,ngcc,bus_256181,75.0,8.037,33.13,3.42,225.0,3600.0,36.49,1.0,3.0
ID_422-101176,ngcc,bus_256181,178.6,8.037,78.89,3.42,536.0,8573.0,86.91,1.0,3.0
ID_4256-101179,ngcc,bus_230601,49.8,8.037,22.0,3.42,149.0,2390.0,24.23,1.0,3.0
ID_50003-101213,ngcc,bus_252891,46.0,8.037,20.32,3.42,138.0,2208.0,22.38,1.0,3.0
ID_50024-101214,oil,bus_230171,55.3,9.96,19.42,3.42,166.0,1659.0,34.31,1.0,1.0
ID_50049-101216,biomass,bus_200261,32.5,13.5,11.14,5.41,98.0,390.0,30.31,7.0,7.0
ID_50061-101217,ngcc,bus_285491,14.3,8.037,6.32,3.42,43.0,686.0,6.96,1.0,3.0
ID_50062-101218,ngcc,bus_230541,46.0,8.037,20.32,3.42,138.0,2208.0,22.38,1.0,3.0
ID_50064-101219,ngcc,bus_233771,4.4,8.037,1.94,3.42,13.0,211.0,2.14,1.0,3.0
ID_50066-101220,geothermal,bus_211211,176.4,9.54,19.35,0.0,529.0,0.0,31.05,6.0,6.0
ID_50089-101222,ngcc,bus_211211,1.5,8.037,0.66,3.42,4.0,72.0,0.73,1.0,3.0
ID_50110-101223,biomass,bus_133661,20.0,13.5,6.85,5.41,60.0,240.0,18.65,7.0,7.0
ID_50112-101224,biomass,bus_300011,27.5,13.5,9.42,5.41,82.0,330.0,25.65,7.0,7.0
ID_50115-101225,ngcc,bus_280991,48.2,8.037,21.29,3.42,145.0,2314.0,23.45,1.0,3.0
ID_50119-101226,ngcc,bus_211211,54.9,8.037,24.25,3.42,165.0,2635.0,26.71,1.0,3.0
ID_50131-101229,ngcc,bus_261331,38.4,8.037,16.96,3.42,115.0,1843.0,18.69,1.0,3.0
ID_50134-101230,ngcc,bus_252891,300.0,8.037,132.51,3.42,900.0,14400.0,145.98,1.0,3.0
ID_50148-101232,ngcc,bus_253751,31.0,8.037,13.69,3.42,93.0,1488.0,15.08,1.0,3.0
ID_50170-101234,ngcc,bus_252891,38.7,8.037,17.09,3.42,116.0,1858.0,18.83,1.0,3.0
ID_50200-101237,ngcc,bus_280781,6.1,8.037,2.69,3.42,18.0,293.0,2.97,1.0,3.0
ID_50210-101238,geothermal,bus_286671,39.6,9.54,4.34,0.0,119.0,0.0,6.97,6.0,6.0
ID_50216-101239,ngcc,bus_261001,405.0,8.037,178.89,3.42,1215.0,19440.0,197.07,1.0,3.0
ID_50224-101243,biomass,bus_258301,1.5,13.5,0.51,5.41,4.0,18.0,1.4,7.0,7.0
ID_50234-101245,ngcc,bus_280991,2.7,8.037,1.19,3.42,8.0,130.0,1.31,1.0,3.0
ID_50270-101246,ngcc,bus_258301,49.3,8.037,21.78,3.42,148.0,2366.0,23.99,1.0,3.0
ID_50293-101380,biomass,bus_201361,28.6,13.5,9.8,5.41,86.0,343.0,26.67,7.0,7.0
ID_50299-101381,ngcc,bus_230601,49.5,8.037,21.86,3.42,148.0,2376.0,24.09,1.0,3.0
ID_50300-101382,ngcc,bus_257141,46.0,8.037,20.32,3.42,138.0,2208.0,22.38,1.0,3.0
ID_50363-101386,biomass,bus_286671,21.0,13.5,7.2,5.41,63.0,252.0,19.58,7.0,7.0
ID_50388-101389,oil,bus_211211,27.3,9.96,9.59,3.42,82.0,819.0,16.94,1.0,1.0
ID_50464-101392,ngcc,bus_258301,68.7,8.037,30.34,3.42,206.0,3298.0,33.43,1.0,3.0
ID_50493-101399,ngcc,bus_252891,49.8,8.037,22.0,3.42,149.0,2390.0,24.23,1.0,3.0
ID_50494-101400,ngcc,bus_252891,49.8,8.037,22.0,3.42,149.0,2390.0,24.23,1.0,3.0
ID_50495-101401,ngcc,bus_252891,49.8,8.037,22.0,3.42,149.0,2390.0,24.23,1.0,3.0
ID_50530-101402,ngcc,bus_253751,60.0,8.037,26.5,3.42,180.0,2880.0,29.2,1.0,3.0
ID_50530-101403,ngcc,bus_253751,23.0,8.037,10.16,3.42,69.0,1104.0,11.19,1.0,3.0
ID_50537-102088,ngcc,bus_211211,6.0,8.037,2.65,3.42,18.0,288.0,2.92,1.0,3.0
ID_50540-102089,ngcc,bus_261001,13.5,8.037,5.96,3.42,40.0,648.0,6.57,1.0,3.0
ID_50541-102090,ngcc,bus_253751,107.4,8.037,47.44,3.42,322.0,5155.0,52.26,1.0,3.0
ID_50560-102151,biomass,bus_230601,25.0,13.5,8.57,5.41,75.0,300.0,23.32,7.0,7.0
ID_50571-102152,biomass,bus_211211,8.6,13.5,2.95,5.41,26.0,103.0,8.02,7.0,7.0
ID_50610-102153,ngcc,bus_251601,1.2,8.037,0.53,3.42,4.0,58.0,0.58,1.0,3.0
ID_50612-102154,ngcc,bus_252891,46.0,8.037,20.32,3.42,138.0,2208.0,22.38,1.0,3.0
ID_50622-102155,ngcc,bus_252891,17.6,8.037,7.77,3.42,53.0,845.0,8.56,1.0,3.0
ID_50623-102156,ngcc,bus_258301,14.0,8.037,6.18,3.42,42.0,672.0,6.81,1.0,3.0
ID_50624-102157,ngcc,bus_253751,22.5,8.037,9.94,3.42,68.0,1080.0,10.95,1.0,3.0
ID_50632-102158,biomass,bus_230601,24.0,13.5,8.22,5.41,72.0,288.0,22.38,7.0,7.0
ID_50674-102159,ngcc,bus_286671,1.2,8.037,0.53,3.42,4.0,58.0,0.58,1.0,3.0
ID_50696-102222,biomass,bus_261001,7.5,13.5,2.57,5.41,22.0,90.0,6.99,7.0,7.0
ID_50748-102223,ngcc,bus_211211,32.0,8.037,14.13,3.42,96.0,1536.0,15.57,1.0,3.0
ID_50750-102224,ngcc,bus_261331,6.8,8.037,3.0,3.42,20.0,326.0,3.31,1.0,3.0
ID_50751-102225,ngcc,bus_252891,30.8,8.037,13.6,3.42,92.0,1478.0,14.99,1.0,3.0
ID_50752-102226,ngcc,bus_261331,94.2,8.037,41.61,3.42,283.0,4522.0,45.84,1.0,3.0
ID_50762-102273,geothermal,bus_400041,9.6,9.54,1.05,0.0,29.0,0.0,1.69,6.0,6.0
ID_50766-102274,geothermal,bus_400041,26.4,9.54,2.9,0.0,79.0,0.0,4.65,6.0,6.0
ID_50831-102571,biomass,bus_211211,3.0,13.5,1.03,5.41,9.0,36.0,2.8,7.0,7.0
ID_50837-102572,biomass,bus_253751,35.6,13.5,12.2,5.41,107.0,427.0,33.2,7.0,7.0
ID_50849-102573,ngcc,bus_211211,28.5,8.037,12.59,3.42,86.0,1368.0,13.87,1.0,3.0
ID_50850-102574,ngcc,bus_257141,30.8,8.037,13.6,3.42,92.0,1478.0,14.99,1.0,3.0
ID_50851-102575,ngcc,bus_258301,31.1,8.037,13.74,3.42,93.0,1493.0,15.13,1.0,3.0
ID_50864-102576,ngcc,bus_261331,38.2,8.037,16.87,3.42,115.0,1834.0,18.59,1.0,3.0
ID_50865-102577,ngcc,bus_261331,38.9,8.037,17.18,3.42,117.0,1867.0,18.93,1.0,3.0
ID_50876-102578,ngcc,bus_256751,30.7,8.037,13.56,3.42,92.0,1474.0,14.94,1.0,3.0
ID_50881-102579,biomass,bus_201361,54.9,13.5,18.81,5.41,165.0,659.0,51.2,7.0,7.0
ID_50963-102582,ngcc,bus_285491,5.3,8.037,2.34,3.42,16.0,254.0,2.58,1.0,3.0
ID_50964-102583,geothermal,bus_300011,3.0,9.54,0.33,0.0,9.0,0.0,0.53,6.0,6.0
ID_50985-102584,ngcc,bus_201361,2.8,8.037,1.24,3.42,8.0,134.0,1.36,1.0,3.0
ID_510-102585,geothermal,bus_211211,78.0,9.54,8.56,0.0,234.0,0.0,13.73,6.0,6.0
ID_52073-102586,ngcc,bus_251601,43.0,8.037,18.99,3.42,129.0,2064.0,20.92,1.0,3.0
ID_52076-102587,ngcc,bus_252891,12.0,8.037,5.3,3.42,36.0,576.0,5.84,1.0,3.0
ID_52077-102588,ngcc,bus_261331,10.5,8.037,4.64,3.42,32.0,504.0,5.11,1.0,3.0
ID_52078-102589,ngcc,bus_261331,10.5,8.037,4.64,3.42,32.0,504.0,5.11,1.0,3.0
ID_52081-102590,ngcc,bus_252891,6.8,8.037,3.0,3.42,20.0,326.0,3.31,1.0,3.0
ID_52082-102591,ngcc,bus_252891,6.8,8.037,3.0,3.42,20.0,326.0,3.31,1.0,3.0
ID_52083-102592,ngcc,bus_261331,6.8,8.037,3.0,3.42,20.0,326.0,3.31,1.0,3.0
ID_52085-102593,ngcc,bus_252891,12.4,8.037,5.48,3.42,37.0,595.0,6.03,1.0,3.0
ID_52086-102594,ngcc,bus_261331,13.6,8.037,6.01,3.42,41.0,653.0,6.62,1.0,3.0
ID_52096-102595,ngcc,bus_252891,42.8,8.037,18.9,3.42,128.0,2054.0,20.83,1.0,3.0
ID_52099-102596,biomass,bus_261001,16.0,13.5,5.48,5.41,48.0,192.0,14.92,7.0,7.0
ID_52104-102597,ngcc,bus_252891,12.4,8.037,5.48,3.42,37.0,595.0,6.03,1.0,3.0
ID_52107-102598,ngcc,bus_252891,48.8,8.037,21.55,3.42,146.0,2342.0,23.75,1.0,3.0
ID_52109-102599,ngcc,bus_211211,155.6,8.037,68.73,3.42,467.0,7469.0,75.71,1.0,3.0
ID_52115-102600,ngcc,bus_230601,2.8,8.037,1.24,3.42,8.0,134.0,1.36,1.0,3.0
ID_52147-102604,ngcc,bus_285491,28.0,8.037,12.37,3.42,84.0,1344.0,13.62,1.0,3.0
ID_52158-102605,geothermal,bus_211211,25.0,9.54,2.74,0.0,75.0,0.0,4.4,6.0,6.0
ID_52169-102674,ngcc,bus_252891,234.0,8.037,103.36,3.42,702.0,11232.0,113.86,1.0,3.0
ID_52186-102675,ngcc,bus_201361,49.0,8.037,21.64,3.42,147.0,2352.0,23.84,1.0,3.0
ID_52204-102676,biomass,bus_285491,10.1,13.5,3.46,5.41,30.0,121.0,9.42,7.0,7.0
ID_535-102679,ngcc,bus_201361,77.0,8.037,34.01,3.42,231.0,3696.0,37.47,1.0,3.0
ID_54015-102681,biomass,bus_280991,11.7,13.5,4.01,5.41,35.0,140.0,10.91,7.0,7.0
ID_54038-102683,geothermal,bus_400041,21.6,9.54,2.37,0.0,65.0,0.0,3.8,6.0,6.0
ID_54111-102684,geothermal,bus_286671,80.0,9.54,8.78,0.0,240.0,0.0,14.08,6.0,6.0
ID_54219-102685,biomass,bus_133661,11.4,13.5,3.91,5.41,34.0,137.0,10.63,7.0,7.0
ID_54238-102686,biomass,bus_230601,54.0,13.5,18.51,5.41,162.0,648.0,50.36,7.0,7.0
ID_54296-102689,ngcc,bus_256751,2.2,8.037,0.97,3.42,7.0,106.0,1.07,1.0,3.0
ID_54327-102703,biomass,bus_252891,3.6,13.5,1.23,5.41,11.0,43.0,3.36,7.0,7.0
ID_54337-102704,ngcc,bus_285491,1.6,8.037,0.71,3.42,5.0,77.0,0.78,1.0,3.0
ID_54371-102706,ngcc,bus_252891,42.2,8.037,18.64,3.42,127.0,2026.0,20.53,1.0,3.0
ID_54410-102707,ngcc,bus_252891,27.7,8.037,12.24,3.42,83.0,1330.0,13.48,1.0,3.0
ID_54447-102708,ngcc,bus_252891,5.0,8.037,2.21,3.42,15.0,240.0,2.43,1.0,3.0
ID_54449-102709,ngcc,bus_261331,6.0,8.037,2.65,3.42,18.0,288.0,2.92,1.0,3.0
ID_54451-102710,ngcc,bus_253751,58.5,8.037,25.84,3.42,176.0,2808.0,28.47,1.0,3.0
ID_54451-102711,ngcc,bus_253751,10.0,8.037,4.42,3.42,30.0,480.0,4.87,1.0,3.0
ID_54468-102751,biomass,bus_300011,11.4,13.5,3.91,5.41,34.0,137.0,10.63,7.0,7.0
ID_54469-102752,biomass,bus_201361,18.0,13.5,6.17,5.41,54.0,216.0,16.79,7.0,7.0
ID_54477-102753,ngcc,bus_201361,7.7,8.037,3.4,3.42,23.0,370.0,3.75,1.0,3.0
ID_54517-102754,biomass,bus_230541,7.5,13.5,2.57,5.41,22.0,90.0,6.99,7.0,7.0
ID_54561-102757,ngcc,bus_211211,27.0,8.037,11.93,3.42,81.0,1296.0,13.14,1.0,3.0
ID_54567-102758,biomass,bus_201361,2.8,13.5,0.96,5.41,8.0,34.0,2.61,7.0,7.0
ID_54626-102759,biomass,bus_252891,62.0,13.5,21.25,5.41,186.0,744.0,57.82,7.0,7.0
ID_54689-102957,geothermal,bus_286671,62.5,9.54,6.86,0.0,188.0,0.0,11.0,6.0,6.0
ID_54724-102958,geothermal,bus_400041,24.0,9.54,2.63,0.0,72.0,0.0,4.22,6.0,6.0
ID_54749-102959,ngcc,bus_283651,51.4,8.037,22.7,3.42,154.0,2467.0,25.01,1.0,3.0
ID_54768-102961,ngcc,bus_252891,46.0,8.037,20.32,3.42,138.0,2208.0,22.38,1.0,3.0
ID_54800-102962,ngcc,bus_230601,7.0,8.037,3.09,3.42,21.0,336.0,3.41,1.0,3.0
ID_54912-103165,ngcc,bus_211211,100.0,8.037,44.17,3.42,300.0,4800.0,48.66,1.0,3.0
ID_54936-103167,ngcc,bus_285491,2.6,8.037,1.15,3.42,8.0,125.0,1.27,1.0,3.0
ID_54951-103168,biomass,bus_233771,1.8,13.5,0.62,5.41,5.0,22.0,1.68,7.0,7.0
ID_54996-103169,geothermal,bus_286671,47.5,9.54,5.21,0.0,142.0,0.0,8.36,6.0,6.0
ID_55049-103171,biomass,bus_201361,4.0,13.5,1.37,5.41,12.0,48.0,3.73,7.0,7.0
ID_55084-103172,ngcc,bus_211211,247.4,8.037,109.28,3.42,742.0,11875.0,120.38,1.0,3.0
ID_55094-103173,biomass,bus_285491,6.4,13.5,2.19,5.41,19.0,77.0,5.97,7.0,7.0
ID_55112-103174,ngcc,bus_201361,636.0,8.037,280.92,3.42,1908.0,30528.0,309.48,1.0,3.0
ID_55151-103175,ngcc,bus_261331,1200.0,8.037,530.04,3.42,3600.0,57600.0,583.92,1.0,3.0
ID_55161-103176,biomass,bus_252891,6.0,13.5,2.06,5.41,18.0,72.0,5.6,7.0,7.0
ID_55182-103177,ngcc,bus_261331,605.4,8.037,267.41,3.42,1816.0,29059.0,294.59,1.0,3.0
ID_55184-103178,ngcc,bus_261331,6.2,8.037,2.74,3.42,19.0,298.0,3.02,1.0,3.0
ID_55217-103179,ngcc,bus_211211,678.3,8.037,299.61,3.42,2035.0,32558.0,330.06,1.0,3.0
ID_55295-103180,ngcc,bus_400041,591.0,8.037,261.04,3.42,1773.0,28368.0,287.58,1.0,3.0
ID_55333-103181,ngcc,bus_211211,943.5,8.037,416.74,3.42,2830.0,45288.0,459.11,1.0,3.0
ID_55345-103182,ngcc,bus_285491,688.5,8.037,304.11,3.42,2066.0,33048.0,335.02,1.0,3.0
ID_55393-103183,ngcc,bus_233771,635.0,8.037,280.48,3.42,1905.0,30480.0,308.99,1.0,3.0
ID_55400-103203,ngcc,bus_261331,623.0,8.037,275.18,3.42,1869.0,29904.0,303.15,1.0,3.0
ID_55499-103204,ngcc,bus_201361,60.5,8.037,26.72,3.42,182.0,2904.0,29.44,1.0,3.0
ID_55508-103205,ngcc,bus_261331,60.5,8.037,26.72,3.42,182.0,2904.0,29.44,1.0,3.0
ID_55510-103206,ngcc,bus_285491,60.5,8.037,26.72,3.42,182.0,2904.0,29.44,1.0,3.0
ID_55512-103207,ngcc,bus_285491,48.7,8.037,21.51,3.42,146.0,2338.0,23.7,1.0,3.0
ID_55513-103208,ngcc,bus_285491,58.9,8.037,26.02,3.42,177.0,2827.0,28.66,1.0,3.0
ID_55518-103209,ngcc,bus_280991,852.0,8.037,376.33,3.42,2556.0,40896.0,414.58,1.0,3.0
ID_55538-103210,ngcc,bus_283651,49.9,8.037,22.04,3.42,150.0,2395.0,24.28,1.0,3.0
ID_55540-103211,ngcc,bus_285491,44.0,8.037,19.43,3.42,132.0,2112.0,21.41,1.0,3.0
ID_55541-103212,ngcc,bus_286671,149.7,8.037,66.12,3.42,449.0,7186.0,72.84,1.0,3.0
ID_55542-103213,ngcc,bus_285491,99.8,8.037,44.08,3.42,299.0,4790.0,48.56,1.0,3.0
ID_55601-103214,biomass,bus_280781,6.0,13.5,2.06,5.41,18.0,72.0,5.6,7.0,7.0
ID_55602-103215,biomass,bus_285491,3.6,13.5,1.23,5.41,11.0,43.0,3.36,7.0,7.0
ID_55603-103216,biomass,bus_258301,3.0,13.5,1.03,5.41,9.0,36.0,2.8,7.0,7.0
ID_55625-103217,ngcc,bus_211211,47.0,8.037,20.76,3.42,141.0,2256.0,22.87,1.0,3.0
ID_55626-103218,ngcc,bus_211211,47.0,8.037,20.76,3.42,141.0,2256.0,22.87,1.0,3.0
ID_55627-103219,ngcc,bus_211211,47.0,8.037,20.76,3.42,141.0,2256.0,22.87,1.0,3.0
ID_55656-103220,ngcc,bus_252891,779.0,8.037,344.08,3.42,2337.0,37392.0,379.06,1.0,3.0
ID_55698-103221,ngcc,bus_230601,92.2,8.037,40.72,3.42,277.0,4426.0,44.86,1.0,3.0
ID_55748-103251,ngcc,bus_211211,306.1,8.037,135.2,3.42,918.0,14693.0,148.95,1.0,3.0
ID_55752-103252,biomass,bus_211211,3.2,13.5,1.1,5.41,10.0,38.0,2.98,7.0,7.0
ID_55753-103253,biomass,bus_211211,3.2,13.5,1.1,5.41,10.0,38.0,2.98,7.0,7.0
ID_55766-103254,biomass,bus_230601,9.0,13.5,3.08,5.41,27.0,108.0,8.39,7.0,7.0
ID_55807-103255,ngcc,bus_230601,98.0,8.037,43.29,3.42,294.0,4704.0,47.69,1.0,3.0
ID_55810-103256,ngcc,bus_230171,135.0,8.037,59.63,3.42,405.0,6480.0,65.69,1.0,3.0
ID_55811-103257,ngcc,bus_261331,47.3,8.037,20.89,3.42,142.0,2270.0,23.02,1.0,3.0
ID_55813-103258,ngcc,bus_201361,47.3,8.037,20.89,3.42,142.0,2270.0,23.02,1.0,3.0
ID_55820-103259,biomass,bus_280991,1.3,13.5,0.45,5.41,4.0,16.0,1.21,7.0,7.0
ID_55847-103260,ngcc,bus_201361,47.0,8.037,20.76,3.42,141.0,2256.0,22.87,1.0,3.0
ID_55851-103261,ngcc,bus_211211,51.0,8.037,22.53,3.42,153.0,2448.0,24.82,1.0,3.0
ID_55853-103262,ngcc,bus_261001,819.0,8.037,361.75,3.42,2457.0,39312.0,398.53,1.0,3.0
ID_55855-103263,ngcc,bus_211211,47.0,8.037,20.76,3.42,141.0,2256.0,22.87,1.0,3.0
ID_55874-103264,ngcc,bus_261331,49.9,8.037,22.04,3.42,150.0,2395.0,24.28,1.0,3.0
ID_55880-103265,biomass,bus_211211,1.6,13.5,0.55,5.41,5.0,19.0,1.49,7.0,7.0
ID_55933-103266,ngcc,bus_211211,336.1,8.037,148.46,3.42,1008.0,16133.0,163.55,1.0,3.0
ID_55934-103267,ngcc,bus_280991,44.8,8.037,19.79,3.42,134.0,2150.0,21.8,1.0,3.0
ID_55935-103268,ngcc,bus_280991,44.8,8.037,19.79,3.42,134.0,2150.0,21.8,1.0,3.0
ID_55950-103269,ngcc,bus_261331,46.6,8.037,20.58,3.42,140.0,2237.0,22.68,1.0,3.0
ID_55951-103270,ngcc,bus_280991,60.5,8.037,26.72,3.42,182.0,2904.0,29.44,1.0,3.0
ID_55963-103271,ngcc,bus_211211,47.0,8.037,20.76,3.42,141.0,2256.0,22.87,1.0,3.0
ID_55970-103272,ngcc,bus_230601,530.0,8.037,234.1,3.42,1590.0,25440.0,257.9,1.0,3.0
ID_55983-103273,geothermal,bus_286671,58.3,9.54,6.4,0.0,175.0,0.0,10.26,6.0,6.0
ID_55984-103274,geothermal,bus_286671,11.5,9.54,1.26,0.0,34.0,0.0,2.02,6.0,6.0
ID_55985-103275,ngcc,bus_285491,559.0,8.037,246.91,3.42,1677.0,26832.0,272.01,1.0,3.0
ID_56026-103379,ngcc,bus_211211,154.0,8.037,68.02,3.42,462.0,7392.0,74.94,1.0,3.0
ID_56036-103380,biomass,bus_211211,6.6,13.5,2.26,5.41,20.0,79.0,6.16,7.0,7.0
ID_56039-103381,ngcc,bus_255981,11.8,8.037,5.21,3.42,35.0,566.0,5.74,1.0,3.0
ID_56041-103382,ngcc,bus_255981,130.0,8.037,57.42,3.42,390.0,6240.0,63.26,1.0,3.0
ID_56046-103383,ngcc,bus_252891,387.6,8.037,171.2,3.42,1163.0,18605.0,188.61,1.0,3.0
ID_56051-103384,ngcc,bus_253751,57.4,8.037,25.35,3.42,172.0,2755.0,27.93,1.0,3.0
ID_56078-103475,ngcc,bus_230601,300.6,8.037,132.78,3.42,902.0,14429.0,146.27,1.0,3.0
ID_56080-103476,biomass,bus_211211,2.6,13.5,0.89,5.41,8.0,31.0,2.42,7.0,7.0
ID_56080-103477,ngcc,bus_211211,8.4,8.037,3.71,3.42,25.0,403.0,4.09,1.0,3.0
ID_56090-103478,ngcc,bus_280991,8.0,8.037,3.53,3.42,24.0,384.0,3.89,1.0,3.0
ID_56134-103513,ngcc,bus_230601,3.0,8.037,1.33,3.42,9.0,144.0,1.46,1.0,3.0
ID_56134-103514,oil,bus_230601,1.8,9.96,0.63,3.42,5.0,54.0,1.12,1.0,1.0
ID_56135-103515,ngcc,bus_230601,121.0,8.037,53.45,3.42,363.0,5808.0,58.88,1.0,3.0
ID_56143-103516,ngcc,bus_280991,196.0,8.037,86.57,3.42,588.0,9408.0,95.37,1.0,3.0
ID_56144-103517,ngcc,bus_280991,40.0,8.037,17.67,3.42,120.0,1920.0,19.46,1.0,3.0
ID_56170-103518,biomass,bus_280991,2.6,13.5,0.89,5.41,8.0,31.0,2.42,7.0,7.0
ID_56184-103519,ngcc,bus_201361,46.4,8.037,20.49,3.42,139.0,2227.0,22.58,1.0,3.0
ID_56185-103520,ngcc,bus_230601,49.6,8.037,21.91,3.42,149.0,2381.0,24.14,1.0,3.0
ID_56232-103522,ngcc,bus_285491,106.0,8.037,46.82,3.42,318.0,5088.0,51.58,1.0,3.0
ID_56239-103523,ngcc,bus_230601,121.0,8.037,53.45,3.42,363.0,5808.0,58.88,1.0,3.0
ID_56284-103577,ngcc,bus_261331,5.5,8.037,2.43,3.42,16.0,264.0,2.68,1.0,3.0
ID_56298-103603,ngcc,bus_201361,164.0,8.037,72.44,3.42,492.0,7872.0,79.8,1.0,3.0
ID_56346-103618,ngcc,bus_280991,8.4,8.037,3.71,3.42,25.0,403.0,4.09,1.0,3.0
ID_56356-103619,ngcc,bus_280991,49.0,8.037,21.64,3.42,147.0,2352.0,23.84,1.0,3.0
ID_56428-103720,biomass,bus_233771,3.0,13.5,1.03,5.41,9.0,36.0,2.8,7.0,7.0
ID_56467-103849,ngcc,bus_216471,655.0,8.037,289.31,3.42,1965.0,31440.0,318.72,1.0,3.0
ID_56469-103850,biomass,bus_133661,13.4,13.5,4.59,5.41,40.0,161.0,12.5,7.0,7.0
ID_56471-103851,ngcc,bus_258301,49.8,8.037,22.0,3.42,149.0,2390.0,24.23,1.0,3.0
ID_56472-103852,ngcc,bus_280991,49.8,8.037,22.0,3.42,149.0,2390.0,24.23,1.0,3.0
ID_56473-103853,ngcc,bus_280991,49.8,8.037,22.0,3.42,149.0,2390.0,24.23,1.0,3.0
ID_56474-103854,ngcc,bus_280991,49.8,8.037,22.0,3.42,149.0,2390.0,24.23,1.0,3.0
ID_56475-103855,ngcc,bus_256751,49.8,8.037,22.0,3.42,149.0,2390.0,24.23,1.0,3.0
ID_56476-103856,ngcc,bus_211211,619.7,8.037,273.72,3.42,1859.0,29746.0,301.55,1.0,3.0
ID_56532-103857,ngcc,bus_201361,712.4,8.037,314.67,3.42,2137.0,34195.0,346.65,1.0,3.0
ID_56534-103858,biomass,bus_280991,3.9,13.5,1.34,5.41,12.0,47.0,3.64,7.0,7.0
ID_56535-103859,biomass,bus_252891,2.6,13.5,0.89,5.41,8.0,31.0,2.42,7.0,7.0
ID_56569-103860,ngcc,bus_286671,121.0,8.037,53.45,3.42,363.0,5808.0,58.88,1.0,3.0
ID_56639-103863,ngcc,bus_261331,139.8,8.037,61.75,3.42,419.0,6710.0,68.03,1.0,3.0
ID_56706-103908,biomass,bus_230601,12.5,13.5,4.28,5.41,38.0,150.0,11.66,7.0,7.0
ID_56707-103909,biomass,bus_230601,12.5,13.5,4.28,5.41,38.0,150.0,11.66,7.0,7.0
ID_56803-103956,ngcc,bus_261331,432.0,8.037,190.81,3.42,1296.0,20736.0,210.21,1.0,3.0
ID_56832-103959,geothermal,bus_286671,64.0,9.54,7.02,0.0,192.0,0.0,11.26,6.0,6.0
ID_56895-104037,biomass,bus_211211,11.4,13.5,3.91,5.41,34.0,137.0,10.63,7.0,7.0
ID_56897-104038,biomass,bus_216471,3.8,13.5,1.3,5.41,11.0,46.0,3.54,7.0,7.0
ID_56898-104039,biomass,bus_252891,9.2,13.5,3.15,5.41,28.0,110.0,8.58,7.0,7.0
ID_56914-104041,ngcc,bus_285491,118.0,8.037,52.12,3.42,354.0,5664.0,57.42,1.0,3.0
ID_57001-104045,ngcc,bus_285491,49.9,8.037,22.04,3.42,150.0,2395.0,24.28,1.0,3.0
ID_57027-104055,ngcc,bus_280991,200.0,8.037,88.34,3.42,600.0,9600.0,97.32,1.0,3.0
ID_57100-104060,biomass,bus_261331,1.1,13.5,0.38,5.41,3.0,13.0,1.03,7.0,7.0
ID_57101-104061,biomass,bus_261331,1.4,13.5,0.48,5.41,4.0,17.0,1.31,7.0,7.0
ID_57102-104062,biomass,bus_280991,2.2,13.5,0.75,5.41,7.0,26.0,2.05,7.0,7.0
ID_57122-104063,ngcc,bus_280781,19.0,8.037,8.39,3.42,57.0,912.0,9.25,1.0,3.0
ID_57133-104064,biomass,bus_201361,3.2,13.5,1.1,5.41,10.0,38.0,2.98,7.0,7.0
ID_57154-104065,biomass,bus_286671,18.1,13.5,6.2,5.41,54.0,217.0,16.88,7.0,7.0
ID_57163-104066,biomass,bus_251601,13.8,13.5,4.73,5.41,41.0,166.0,12.87,7.0,7.0
ID_57267-104103,ngcc,bus_216471,828.0,8.037,365.73,3.42,2484.0,39744.0,402.9,1.0,3.0
ID_57475-104475,geothermal,bus_286671,55.0,9.54,6.03,0.0,165.0,0.0,9.68,6.0,6.0
ID_57482-104476,ngcc,bus_280991,800.0,8.037,353.36,3.42,2400.0,38400.0,389.28,1.0,3.0
ID_57483-104477,ngcc,bus_211211,199.6,8.037,88.16,3.42,599.0,9581.0,97.13,1.0,3.0
ID_57515-104721,ngcc,bus_280991,500.0,8.037,220.85,3.42,1500.0,24000.0,243.3,1.0,3.0
ID_57557-104728,biomass,bus_211211,1.6,13.5,0.55,5.41,5.0,19.0,1.49,7.0,7.0
ID_57564-104730,ngcc,bus_230601,61.5,8.037,27.16,3.42,184.0,2952.0,29.93,1.0,3.0
ID_57573-104732,ngcc,bus_211211,3.5,8.037,1.55,3.42,10.0,168.0,1.7,1.0,3.0
ID_57580-104734,ngcc,bus_201361,4.2,8.037,1.86,3.42,13.0,202.0,2.04,1.0,3.0
ID_57584-104735,ngcc,bus_285491,33.0,8.037,14.58,3.42,99.0,1584.0,16.06,1.0,3.0
ID_57585-104736,ngcc,bus_258301,29.0,8.037,12.81,3.42,87.0,1392.0,14.11,1.0,3.0
ID_57696-104830,biomass,bus_211211,4.6,13.5,1.58,5.41,14.0,55.0,4.29,7.0,7.0
ID_57702-104901,ngcc,bus_253751,5.7,8.037,2.52,3.42,17.0,274.0,2.77,1.0,3.0
ID_57713-104903,ngcc,bus_285491,9.6,8.037,4.24,3.42,29.0,461.0,4.67,1.0,3.0
ID_57714-104904,ngcc,bus_211211,4.4,8.037,1.94,3.42,13.0,211.0,2.14,1.0,3.0
ID_57715-104905,ngcc,bus_285491,2.0,8.037,0.88,3.42,6.0,96.0,0.97,1.0,3.0
ID_57771-105030,biomass,bus_201361,2.3,13.5,0.79,5.41,7.0,28.0,2.14,7.0,7.0
ID_57857-105253,biomass,bus_201361,5.5,13.5,1.88,5.41,16.0,66.0,5.13,7.0,7.0
ID_57876-105257,biomass,bus_233771,1.6,13.5,0.55,5.41,5.0,19.0,1.49,7.0,7.0
ID_57901-105262,ngcc,bus_254031,537.4,8.037,237.37,3.42,1612.0,25795.0,261.5,1.0,3.0
ID_57916-105264,ngcc,bus_286671,8.9,8.037,3.93,3.42,27.0,427.0,4.33,1.0,3.0
ID_57971-105302,biomass,bus_211211,2.1,13.5,0.72,5.41,6.0,25.0,1.96,7.0,7.0
ID_57977-105303,ngcc,bus_300011,6.0,8.037,2.65,3.42,18.0,288.0,2.92,1.0,3.0
ID_57978-105304,ngcc,bus_230601,288.9,8.037,127.61,3.42,867.0,13867.0,140.58,1.0,3.0
ID_57988-105306,biomass,bus_201361,4.8,13.5,1.64,5.41,14.0,58.0,4.48,7.0,7.0
ID_58007-105310,biomass,bus_280991,37.2,13.5,12.75,5.41,112.0,446.0,34.69,7.0,7.0
ID_58053-105314,oil,bus_230601,3.3,9.96,1.16,3.42,10.0,99.0,2.05,1.0,1.0
ID_58058-105316,ngcc,bus_256751,6.7,8.037,2.96,3.42,20.0,322.0,3.26,1.0,3.0
ID_58083-105321,ngcc,bus_280991,21.0,8.037,9.28,3.42,63.0,1008.0,10.22,1.0,3.0
ID_58085-105322,oil,bus_252891,1.5,9.96,0.53,3.42,4.0,45.0,0.93,1.0,1.0
ID_58100-105324,ngcc,bus_252891,4.5,8.037,1.99,3.42,14.0,216.0,2.19,1.0,3.0
ID_58122-105338,ngcc,bus_252891,48.5,8.037,21.42,3.42,146.0,2328.0,23.6,1.0,3.0
ID_58168-105441,ngcc,bus_280991,1.5,8.037,0.66,3.42,4.0,72.0,0.73,1.0,3.0
ID_58190-105444,ngcc,bus_261331,1.4,8.037,0.62,3.42,4.0,67.0,0.68,1.0,3.0
ID_58198-105445,ngcc,bus_211211,13.5,8.037,5.96,3.42,40.0,648.0,6.57,1.0,3.0
ID_58223-105450,ngcc,bus_261001,4.5,8.037,1.99,3.42,14.0,216.0,2.19,1.0,3.0
ID_58258-105461,ngcc,bus_254031,9.2,8.037,4.06,3.42,28.0,442.0,4.48,1.0,3.0
ID_58320-105470,biomass,bus_211211,1.6,13.5,0.55,5.41,5.0,19.0,1.49,7.0,7.0
ID_58379-105479,biomass,bus_261331,1.5,13.5,0.51,5.41,4.0,18.0,1.4,7.0,7.0
ID_58397-105579,biomass,bus_261331,1.4,13.5,0.48,5.41,4.0,17.0,1.31,7.0,7.0
ID_58429-105585,biomass,bus_252891,23.0,13.5,7.88,5.41,69.0,276.0,21.45,7.0,7.0
ID_58432-105587,ngcc,bus_258301,13.2,8.037,5.83,3.42,40.0,634.0,6.42,1.0,3.0
ID_58435-105588,biomass,bus_211211,4.4,13.5,1.51,5.41,13.0,53.0,4.1,7.0,7.0
ID_58436-105589,biomass,bus_230601,4.4,13.5,1.51,5.41,13.0,53.0,4.1,7.0,7.0
ID_58437-105590,biomass,bus_230541,4.4,13.5,1.51,5.41,13.0,53.0,4.1,7.0,7.0
ID_58472-105602,biomass,bus_230601,22.5,13.5,7.71,5.41,68.0,270.0,20.98,7.0,7.0
ID_58593-105626,ngcc,bus_201361,2.9,8.037,1.28,3.42,9.0,139.0,1.41,1.0,3.0
ID_58593-105627,oil,bus_201361,1.0,9.96,0.35,3.42,3.0,30.0,0.62,1.0,1.0
ID_58607-105629,ngcc,bus_211211,1.5,8.037,0.66,3.42,4.0,72.0,0.73,1.0,3.0
ID_58619-105635,ngcc,bus_211211,1.0,8.037,0.44,3.42,3.0,48.0,0.49,1.0,3.0
ID_58699-105644,biomass,bus_252891,2.0,13.5,0.69,5.41,6.0,24.0,1.87,7.0,7.0
ID_58914-105671,ngcc,bus_286671,16.4,8.037,7.24,3.42,49.0,787.0,7.98,1.0,3.0
ID_58960-105677,biomass,bus_211211,4.4,13.5,1.51,5.41,13.0,53.0,4.1,7.0,7.0
ID_58971-105679,biomass,bus_230601,3.3,13.5,1.13,5.41,10.0,40.0,3.08,7.0,7.0
ID_58978-105681,biomass,bus_230541,1.5,13.5,0.51,5.41,4.0,18.0,1.4,7.0,7.0
ID_59074-105691,oil,bus_211211,65.1,9.96,22.86,3.42,195.0,1953.0,40.39,1.0,1.0
ID_59447-105786,biomass,bus_230601,1.0,13.5,0.34,5.41,3.0,12.0,0.93,7.0,7.0
ID_59456-105787,ngcc,bus_285491,9.2,8.037,4.06,3.42,28.0,442.0,4.48,1.0,3.0
ID_59457-105788,ngcc,bus_285491,4.6,8.037,2.03,3.42,14.0,221.0,2.24,1.0,3.0
ID_59458-105789,ngcc,bus_285491,4.6,8.037,2.03,3.42,14.0,221.0,2.24,1.0,3.0
ID_59658-105807,biomass,bus_201361,30.2,13.5,10.35,5.41,91.0,362.0,28.16,7.0,7.0
ID_60100-105873,biomass,bus_230601,11.5,13.5,3.94,5.41,34.0,138.0,10.72,7.0,7.0
ID_6013-105874,ngcc,bus_256181,109.7,8.037,48.45,3.42,329.0,5266.0,53.38,1.0,3.0
ID_60220-105876,biomass,bus_211211,1.6,13.5,0.55,5.41,5.0,19.0,1.49,7.0,7.0
ID_60249-105877,biomass,bus_211211,1.2,13.5,0.41,5.41,4.0,14.0,1.12,7.0,7.0
ID_60571-105881,biomass,bus_285491,1.6,13.5,0.55,5.41,5.0,19.0,1.49,7.0,7.0
ID_6060-105882,ngcc,bus_286671,92.4,8.037,40.81,3.42,277.0,4435.0,44.96,1.0,3.0
ID_6211-105886,oil,bus_211211,223.5,9.96,78.49,3.42,670.0,6705.0,138.68,1.0,1.0
ID_6518-105892,oil,bus_300011,15.0,9.96,5.27,3.42,45.0,450.0,9.31,1.0,1.0
ID_6704-105899,oil,bus_253751,11.6,9.96,4.07,3.42,35.0,348.0,7.2,1.0,1.0
ID_7231-105910,ngcc,bus_211211,64.6,8.037,28.53,3.42,194.0,3101.0,31.43,1.0,3.0
ID_7232-105911,ngcc,bus_211211,7.8,8.037,3.45,3.42,23.0,374.0,3.8,1.0,3.0
ID_7266-105912,ngcc,bus_230601,98.2,8.037,43.37,3.42,295.0,4714.0,47.78,1.0,3.0
ID_7266-105913,ngcc,bus_230601,100.8,8.037,44.52,3.42,302.0,4838.0,49.05,1.0,3.0
ID_7307-105914,ngcc,bus_200261,109.3,8.037,48.28,3.42,328.0,5246.0,53.19,1.0,3.0
ID_7307-105915,ngcc,bus_200261,73.8,8.037,32.6,3.42,221.0,3542.0,35.91,1.0,3.0
ID_7315-105916,ngcc,bus_230601,223.5,8.037,98.72,3.42,670.0,10728.0,108.76,1.0,3.0
ID_7368-105918,geothermal,bus_211211,110.0,9.54,12.07,0.0,330.0,0.0,19.36,6.0,6.0
ID_7369-105919,geothermal,bus_211211,110.0,9.54,12.07,0.0,330.0,0.0,19.36,6.0,6.0
ID_7436-105920,oil,bus_255981,30.0,9.96,10.54,3.42,90.0,900.0,18.61,1.0,1.0
ID_7449-105921,ngcc,bus_230601,50.0,8.037,22.08,3.42,150.0,2400.0,24.33,1.0,3.0
ID_7450-105923,ngcc,bus_211211,54.8,8.037,24.21,3.42,164.0,2630.0,26.67,1.0,3.0
ID_7451-105924,ngcc,bus_230541,27.4,8.037,12.1,3.42,82.0,1315.0,13.33,1.0,3.0
ID_7452-105925,ngcc,bus_201361,54.8,8.037,24.21,3.42,164.0,2630.0,26.67,1.0,3.0
ID_7527-105981,ngcc,bus_230601,71.5,8.037,31.58,3.42,214.0,3432.0,34.79,1.0,3.0
ID_7527-105982,ngcc,bus_230601,54.0,8.037,23.85,3.42,162.0,2592.0,26.28,1.0,3.0
ID_7551-105983,ngcc,bus_201361,149.4,8.037,65.99,3.42,448.0,7171.0,72.7,1.0,3.0
ID_7551-105984,ngcc,bus_201361,44.0,8.037,19.43,3.42,132.0,2112.0,21.41,1.0,3.0
ID_7552-105985,ngcc,bus_201361,173.9,8.037,76.81,3.42,522.0,8347.0,84.62,1.0,3.0
ID_7693-105987,ngcc,bus_280991,49.2,8.037,21.73,3.42,148.0,2362.0,23.94,1.0,3.0
ID_7824-105989,ngcc,bus_286671,24.9,8.037,11.0,3.42,75.0,1195.0,12.12,1.0,3.0
ID_7824-105990,oil,bus_286671,24.9,9.96,8.74,3.42,75.0,747.0,15.45,1.0,1.0
ID_7987-105994,ngcc,bus_256181,60.5,8.037,26.72,3.42,182.0,2904.0,29.44,1.0,3.0
ID_8076-105995,ngcc,bus_258301,58.0,8.037,25.62,3.42,174.0,2784.0,28.22,1.0,3.0
ID_902-105998,geothermal,bus_211211,55.0,9.54,6.03,0.0,165.0,0.0,9.68,6.0,6.0
ID_10003-106000,ngcc,bus_601941,35.0,8.037,15.46,3.42,105.0,1680.0,17.03,1.0,3.0
ID_10180-106002,biomass,bus_601941,15.0,13.5,5.14,5.41,45.0,180.0,13.99,7.0,7.0
ID_10682-106007,ngcc,bus_601941,273.4,8.037,120.76,3.42,820.0,13123.0,133.04,1.0,3.0
ID_10682-106008,ngcc,bus_601941,23.8,8.037,10.51,3.42,71.0,1142.0,11.58,1.0,3.0
ID_10755-106009,ngcc,bus_600031,84.0,8.037,37.1,3.42,252.0,4032.0,40.87,1.0,3.0
ID_460-106010,oil,bus_403671,10.0,9.96,3.51,3.42,30.0,300.0,6.2,1.0,1.0
ID_464-106011,ngcc,bus_530021,53.2,8.037,23.5,3.42,160.0,2554.0,25.89,1.0,3.0
ID_469-106013,coal,bus_601941,380.8,9.75,171.97,6.95,1142.0,49123.0,16.3,12.0,12.0
ID_469-106014,ngcc,bus_601941,625.6,8.037,276.33,3.42,1877.0,30029.0,304.42,1.0,3.0
ID_470-106015,coal,bus_403671,1635.3,9.75,738.5,6.95,4906.0,210954.0,69.99,12.0,12.0
ID_477-106017,coal,bus_601941,191.7,9.75,86.57,6.95,575.0,24729.0,8.2,12.0,12.0
ID_477-106018,coal,bus_601941,191.7,9.75,86.57,6.95,575.0,24729.0,8.2,12.0,12.0
ID_477-106019,ngcc,bus_601941,59.3,8.037,26.19,3.42,178.0,2846.0,28.86,1.0,3.0
ID_491-106020,oil,bus_530021,1.5,9.96,0.53,3.42,4.0,45.0,0.93,1.0,1.0
ID_492-106021,coal,bus_601941,50.0,9.75,22.58,6.95,150.0,6450.0,2.14,12.0,12.0
ID_492-106022,coal,bus_601941,257.0,9.75,116.06,6.95,771.0,33153.0,11.0,12.0,12.0
ID_493-106023,ngcc,bus_601941,59.6,8.037,26.33,3.42,179.0,2861.0,29.0,1.0,3.0
ID_50707-106029,ngcc,bus_601941,396.9,8.037,175.31,3.42,1191.0,19051.0,193.13,1.0,3.0
ID_50709-106030,ngcc,bus_601941,37.0,8.037,16.34,3.42,111.0,1776.0,18.0,1.0,3.0
ID_508-106031,coal,bus_601941,43.5,9.75,19.64,6.95,130.0,5612.0,1.86,12.0,12.0
ID_511-106032,coal,bus_605771,3.7,9.75,1.67,6.95,11.0,477.0,0.16,12.0,12.0
ID_511-106033,coal,bus_605771,3.7,9.75,1.67,6.95,11.0,477.0,0.16,12.0,12.0
ID_511-106034,ngcc,bus_605771,3.8,8.037,1.68,3.42,11.0,182.0,1.85,1.0,3.0
ID_511-106035,oil,bus_605771,5.4,9.96,1.9,3.42,16.0,162.0,3.35,1.0,1.0
ID_525-106046,coal,bus_600031,465.4,9.75,210.17,6.95,1396.0,60037.0,19.92,12.0,12.0
ID_527-106047,coal,bus_600031,113.8,9.75,51.39,6.95,341.0,14680.0,4.87,12.0,12.0
ID_54372-106049,ngcc,bus_601941,33.0,8.037,14.58,3.42,99.0,1584.0,16.06,1.0,3.0
ID_54630-106050,ngcc,bus_600031,6.4,8.037,2.83,3.42,19.0,307.0,3.11,1.0,3.0
ID_54630-106051,oil,bus_600031,3.2,9.96,1.12,3.42,10.0,96.0,1.99,1.0,1.0
ID_55127-106055,ngcc,bus_601941,300.0,8.037,132.51,3.42,900.0,14400.0,145.98,1.0,3.0
ID_55200-106056,ngcc,bus_601941,194.0,8.037,85.69,3.42,582.0,9312.0,94.4,1.0,3.0
ID_55207-106073,ngcc,bus_601941,142.2,8.037,62.81,3.42,427.0,6826.0,69.19,1.0,3.0
ID_55283-106074,ngcc,bus_601941,541.0,8.037,238.96,3.42,1623.0,25968.0,263.25,1.0,3.0
ID_55453-106075,ngcc,bus_601941,228.0,8.037,100.71,3.42,684.0,10944.0,110.94,1.0,3.0
ID_55504-106076,ngcc,bus_601941,154.2,8.037,68.11,3.42,463.0,7402.0,75.03,1.0,3.0
ID_55505-106077,ngcc,bus_601941,154.2,8.037,68.11,3.42,463.0,7402.0,75.03,1.0,3.0
ID_55645-106078,ngcc,bus_601941,397.8,8.037,175.71,3.42,1193.0,19094.0,193.57,1.0,3.0
ID_55650-106079,ngcc,bus_601941,114.0,8.037,50.35,3.42,342.0,5472.0,55.47,1.0,3.0
ID_55835-106113,ngcc,bus_601941,685.1,8.037,302.61,3.42,2055.0,32885.0,333.37,1.0,3.0
ID_56445-106531,ngcc,bus_601941,394.0,8.037,174.03,3.42,1182.0,18912.0,191.72,1.0,3.0
ID_56516-106583,ngcc,bus_601941,117.6,8.037,51.94,3.42,353.0,5645.0,57.22,1.0,3.0
ID_56530-106584,biomass,bus_601941,3.2,13.5,1.1,5.41,10.0,38.0,2.98,7.0,7.0
ID_56998-106854,ngcc,bus_601941,200.0,8.037,88.34,3.42,600.0,9600.0,97.32,1.0,3.0
ID_56998-106855,ngcc,bus_601941,200.0,8.037,88.34,3.42,600.0,9600.0,97.32,1.0,3.0
ID_58081-107319,coal,bus_601941,3.0,9.75,1.35,6.95,9.0,387.0,0.13,12.0,12.0
ID_58574-107576,biomass,bus_600031,11.3,13.5,3.87,5.41,34.0,136.0,10.54,7.0,7.0
ID_59143-107734,biomass,bus_601941,3.2,13.5,1.1,5.41,10.0,38.0,2.98,7.0,7.0
ID_6021-107978,coal,bus_600031,1427.6,9.75,644.7,6.95,4283.0,184160.0,61.1,12.0,12.0
ID_6112-107981,ngcc,bus_601941,867.9,8.037,383.35,3.42,2604.0,41659.0,422.32,1.0,3.0
ID_6112-107982,ngcc,bus_601941,280.6,8.037,123.94,3.42,842.0,13469.0,136.54,1.0,3.0
ID_6248-107986,coal,bus_601941,552.3,9.75,249.42,6.95,1657.0,71247.0,23.64,12.0,12.0
ID_6516-107987,oil,bus_601941,10.0,9.96,3.51,3.42,30.0,300.0,6.2,1.0,1.0
ID_6619-107988,oil,bus_601941,129.4,9.96,45.45,3.42,388.0,3882.0,80.29,1.0,1.0
ID_6761-107989,coal,bus_601941,293.6,9.75,132.59,6.95,881.0,37874.0,12.57,12.0,12.0
ID_6761-107990,ngcc,bus_601941,506.8,8.037,223.85,3.42,1520.0,24326.0,246.61,1.0,3.0
ID_7995-107995,oil,bus_601941,10.0,9.96,3.51,3.42,30.0,300.0,6.2,1.0,1.0
ID_8067-107996,ngcc,bus_601941,100.8,8.037,44.52,3.42,302.0,4838.0,49.05,1.0,3.0
ID_8100-107997,oil,bus_601941,2.7,9.96,0.95,3.42,8.0,81.0,1.68,1.0,1.0
ID_8219-107998,coal,bus_601941,207.0,9.75,93.48,6.95,621.0,26703.0,8.86,12.0,12.0
ID_8219-107999,ngcc,bus_601941,75.6,8.037,33.39,3.42,227.0,3629.0,36.79,1.0,3.0
ID_10504-1012249,coal,bus_501961,10.2,9.75,4.61,6.95,31.0,1316.0,0.44,12.0,12.0
ID_50099-1012258,biomass,bus_134461,6.2,13.5,2.12,5.41,19.0,74.0,5.78,7.0,7.0
ID_50637-1012260,biomass,bus_134461,93.8,13.5,32.15,5.41,281.0,1126.0,87.48,7.0,7.0
ID_50637-1012261,ngcc,bus_134461,20.0,8.037,8.83,3.42,60.0,960.0,9.73,1.0,3.0
ID_54578-1012275,ngcc,bus_741041,10.4,8.037,4.59,3.42,31.0,499.0,5.06,1.0,3.0
ID_54579-1012276,ngcc,bus_501961,10.4,8.037,4.59,3.42,31.0,499.0,5.06,1.0,3.0
ID_54690-1012279,coal,bus_134461,8.7,9.75,3.93,6.95,26.0,1122.0,0.37,12.0,12.0
ID_55090-1012283,biomass,bus_106771,6.2,13.5,2.12,5.41,19.0,74.0,5.78,7.0,7.0
ID_55179-1012284,ngcc,bus_106771,301.5,8.037,133.17,3.42,904.0,14472.0,146.71,1.0,3.0
ID_55733-1012285,ngcc,bus_741041,172.8,8.037,76.33,3.42,518.0,8294.0,84.08,1.0,3.0
ID_56317-1012336,geothermal,bus_501961,18.0,9.54,1.97,0.0,54.0,0.0,3.17,6.0,6.0
ID_57028-1012453,ngcc,bus_134461,318.5,8.037,140.68,3.42,956.0,15288.0,154.98,1.0,3.0
ID_57343-1012581,biomass,bus_501961,2.2,13.5,0.75,5.41,7.0,26.0,2.05,7.0,7.0
ID_57344-1012582,biomass,bus_501961,2.4,13.5,0.82,5.41,7.0,29.0,2.24,7.0,7.0
ID_57345-1012583,biomass,bus_700001,1.8,13.5,0.62,5.41,5.0,22.0,1.68,7.0,7.0
ID_57393-1012584,biomass,bus_741041,1.6,13.5,0.55,5.41,5.0,19.0,1.49,7.0,7.0
ID_57425-1012585,biomass,bus_501961,4.5,13.5,1.54,5.41,14.0,54.0,4.2,7.0,7.0
ID_57861-1012722,biomass,bus_740011,3.0,13.5,1.03,5.41,9.0,36.0,2.8,7.0,7.0
ID_57902-1012755,biomass,bus_106771,3.2,13.5,1.1,5.41,10.0,38.0,2.98,7.0,7.0
ID_58142-1012832,biomass,bus_501961,3.2,13.5,1.1,5.41,10.0,38.0,2.98,7.0,7.0
ID_58967-1012834,biomass,bus_501961,2.4,13.5,0.82,5.41,7.0,29.0,2.24,7.0,7.0
ID_58968-1012835,biomass,bus_741041,4.5,13.5,1.54,5.41,14.0,54.0,4.2,7.0,7.0
ID_58969-1012836,biomass,bus_741041,1.6,13.5,0.55,5.41,5.0,19.0,1.49,7.0,7.0
ID_58970-1012837,biomass,bus_501961,3.3,13.5,1.13,5.41,10.0,40.0,3.08,7.0,7.0
ID_59496-1012838,ngcc,bus_700001,5.6,8.037,2.47,3.42,17.0,269.0,2.72,1.0,3.0
ID_59529-1012839,biomass,bus_501961,1.6,13.5,0.55,5.41,5.0,19.0,1.49,7.0,7.0
ID_7456-1012849,ngcc,bus_106771,166.4,8.037,73.5,3.42,499.0,7987.0,80.97,1.0,3.0
ID_7953-1012851,ngcc,bus_740011,270.9,8.037,119.66,3.42,813.0,13003.0,131.82,1.0,3.0
ID_817-1012860,oil,bus_770011,5.0,9.96,1.76,3.42,15.0,150.0,3.1,1.0,1.0
ID_108-1016569,coal,bus_601941,348.7,9.75,157.47,6.95,1046.0,44982.0,14.92,12.0,12.0
ID_1224-1016570,oil,bus_601941,4.0,9.96,1.4,3.42,12.0,120.0,2.48,1.0,1.0
ID_1225-1016571,ngcc,bus_601941,16.0,8.037,7.07,3.42,48.0,768.0,7.79,1.0,3.0
ID_1272-1016604,oil,bus_601941,17.2,9.96,6.04,3.42,52.0,516.0,10.67,1.0,1.0
ID_1280-1016609,ngcc,bus_601941,18.0,8.037,7.95,3.42,54.0,864.0,8.76,1.0,3.0
ID_1280-1016610,oil,bus_601941,0.7,9.96,0.25,3.42,2.0,21.0,0.43,1.0,1.0
ID_1321-1016649,oil,bus_601941,5.9,9.96,2.07,3.42,18.0,177.0,3.66,1.0,1.0
ID_1324-1016651,ngcc,bus_601941,3.0,8.037,1.33,3.42,9.0,144.0,1.46,1.0,3.0
ID_1336-1016660,ngcc,bus_601941,158.4,8.037,69.97,3.42,475.0,7603.0,77.08,1.0,3.0
ID_1336-1016661,ngcc,bus_601941,97.9,8.037,43.24,3.42,294.0,4699.0,47.64,1.0,3.0
ID_58193-1018257,ngcc,bus_601941,2.0,8.037,0.88,3.42,6.0,96.0,0.97,1.0,3.0
ID_58255-1018258,ngcc,bus_601941,120.0,8.037,53.0,3.42,360.0,5760.0,58.39,1.0,3.0
ID_59045-1018528,ngcc,bus_601941,27.6,8.037,12.19,3.42,83.0,1325.0,13.43,1.0,3.0
ID_6579-1018719,ngcc,bus_601941,1.2,8.037,0.53,3.42,4.0,58.0,0.58,1.0,3.0
ID_6579-1018720,oil,bus_601941,5.3,9.96,1.86,3.42,16.0,159.0,3.29,1.0,1.0
ID_7393-1018729,ngcc,bus_601941,4.4,8.037,1.94,3.42,13.0,211.0,2.14,1.0,3.0
ID_10784-1023664,coal,bus_770011,46.1,9.75,20.82,6.95,138.0,5947.0,1.97,12.0,12.0
ID_2177-1023666,ngcc,bus_770011,23.3,8.037,10.29,3.42,70.0,1118.0,11.34,1.0,3.0
ID_50931-1023680,oil,bus_770011,68.0,9.96,23.88,3.42,204.0,2040.0,42.19,1.0,1.0
ID_55749-1023682,coal,bus_770011,115.7,9.75,52.25,6.95,347.0,14925.0,4.95,12.0,12.0
ID_55866-1023683,ngcc,bus_741321,54.9,8.037,24.25,3.42,165.0,2635.0,26.71,1.0,3.0
ID_56496-1023774,ngcc,bus_770011,1.6,8.037,0.71,3.42,5.0,77.0,0.78,1.0,3.0
ID_56908-1023803,ngcc,bus_770011,203.1,8.037,89.71,3.42,609.0,9749.0,98.83,1.0,3.0
ID_58523-1024118,biomass,bus_742351,3.8,13.5,1.3,5.41,11.0,46.0,3.54,7.0,7.0
ID_6076-1024138,coal,bus_770011,2272.0,9.75,1026.04,6.95,6816.0,293088.0,97.24,12.0,12.0
ID_2230-1025848,oil,bus_601941,1.3,9.96,0.46,3.42,4.0,39.0,0.81,1.0,1.0
ID_2248-1025866,ngcc,bus_601941,9.6,8.037,4.24,3.42,29.0,461.0,4.67,1.0,3.0
ID_2302-1025893,ngcc,bus_601941,7.5,8.037,3.31,3.42,22.0,360.0,3.65,1.0,3.0
ID_2302-1025894,oil,bus_601941,0.8,9.96,0.28,3.42,2.0,24.0,0.5,1.0,1.0
ID_57937-1026177,coal,bus_601941,5.0,9.75,2.26,6.95,15.0,645.0,0.21,12.0,12.0
ID_10339-1026796,biomass,bus_403671,2.2,13.5,0.75,5.41,7.0,26.0,2.05,7.0,7.0
ID_10339-1026797,ngcc,bus_403671,4.4,8.037,1.94,3.42,13.0,211.0,2.14,1.0,3.0
ID_2442-1026798,coal,bus_600031,1636.2,9.75,738.91,6.95,4909.0,211070.0,70.03,12.0,12.0
ID_2444-1026799,ngcc,bus_800071,106.0,8.037,46.82,3.42,318.0,5088.0,51.58,1.0,3.0
ID_2444-1026800,ngcc,bus_800071,266.5,8.037,117.71,3.42,800.0,12792.0,129.68,1.0,3.0
ID_2450-1026803,ngcc,bus_403671,154.0,8.037,68.02,3.42,462.0,7392.0,74.94,1.0,3.0
ID_2451-1026804,coal,bus_600031,924.0,9.75,417.28,6.95,2772.0,119196.0,39.55,12.0,12.0
ID_2451-1026805,coal,bus_600031,1848.0,9.75,834.56,6.95,5544.0,238392.0,79.09,12.0,12.0
ID_2475-1026810,ngcc,bus_403671,45.0,8.037,19.88,3.42,135.0,2160.0,21.9,1.0,3.0
ID_50906-1026811,ngcc,bus_403671,13.7,8.037,6.05,3.42,41.0,658.0,6.67,1.0,3.0
ID_50906-1026812,ngcc,bus_403671,1.1,8.037,0.49,3.42,3.0,53.0,0.54,1.0,3.0
ID_50997-1026813,ngcc,bus_403671,6.0,8.037,2.65,3.42,18.0,288.0,2.92,1.0,3.0
ID_54667-1026814,ngcc,bus_800071,54.0,8.037,23.85,3.42,162.0,2592.0,26.28,1.0,3.0
ID_54734-1026815,oil,bus_800071,45.4,9.96,15.94,3.42,136.0,1362.0,28.17,1.0,1.0
ID_54814-1026816,ngcc,bus_600001,121.6,8.037,53.71,3.42,365.0,5837.0,59.17,1.0,3.0
ID_54975-1026817,ngcc,bus_800071,4.7,8.037,2.08,3.42,14.0,226.0,2.29,1.0,3.0
ID_55039-1026818,ngcc,bus_403671,150.0,8.037,66.26,3.42,450.0,7200.0,72.99,1.0,3.0
ID_55210-1026819,ngcc,bus_800071,287.0,8.037,126.77,3.42,861.0,13776.0,139.65,1.0,3.0
ID_55312-1026820,oil,bus_800071,2.4,9.96,0.84,3.42,7.0,72.0,1.49,1.0,1.0
ID_55343-1026821,ngcc,bus_800071,650.0,8.037,287.1,3.42,1950.0,31200.0,316.29,1.0,3.0
ID_55802-1026822,ngcc,bus_530121,159.5,8.037,70.45,3.42,478.0,7656.0,77.61,1.0,3.0
ID_55977-1026823,ngcc,bus_406911,67.0,8.037,29.59,3.42,201.0,3216.0,32.6,1.0,3.0
ID_57476-1027273,oil,bus_600001,2.0,9.96,0.7,3.42,6.0,60.0,1.24,1.0,1.0
ID_58284-1027333,ngcc,bus_530121,42.3,8.037,18.68,3.42,127.0,2030.0,20.58,1.0,3.0
ID_58629-1027354,geothermal,bus_800071,4.0,9.54,0.44,0.0,12.0,0.0,0.7,6.0,6.0
ID_7967-1027506,ngcc,bus_800071,88.0,8.037,38.87,3.42,264.0,4224.0,42.82,1.0,3.0
ID_7975-1027507,ngcc,bus_800071,186.0,8.037,82.16,3.42,558.0,8928.0,90.51,1.0,3.0
ID_10018-1027508,geothermal,bus_300011,26.0,9.54,2.85,0.0,78.0,0.0,4.58,6.0,6.0
ID_10287-1027509,geothermal,bus_740011,20.6,9.54,2.26,0.0,62.0,0.0,3.63,6.0,6.0
ID_10761-1027510,ngcc,bus_301461,358.9,8.037,158.53,3.42,1077.0,17227.0,174.64,1.0,3.0
ID_2322-1027512,ngcc,bus_302201,578.8,8.037,255.66,3.42,1736.0,27782.0,281.64,1.0,3.0
ID_2322-1027513,ngcc,bus_302201,796.8,8.037,351.95,3.42,2390.0,38246.0,387.72,1.0,3.0
ID_2324-1027514,coal,bus_301461,294.8,9.75,133.13,6.95,884.0,38029.0,12.62,12.0,12.0
ID_2324-1027515,coal,bus_301461,294.8,9.75,133.13,6.95,884.0,38029.0,12.62,12.0,12.0
ID_2330-1027516,ngcc,bus_300011,230.0,8.037,101.59,3.42,690.0,11040.0,111.92,1.0,3.0
ID_2336-1027517,ngcc,bus_300011,743.1,8.037,328.23,3.42,2229.0,35669.0,361.59,1.0,3.0
ID_2336-1027518,ngcc,bus_300011,170.0,8.037,75.09,3.42,510.0,8160.0,82.72,1.0,3.0
ID_2336-1027519,ngcc,bus_300011,119.8,8.037,52.92,3.42,359.0,5750.0,58.29,1.0,3.0
ID_50654-1027521,geothermal,bus_300011,20.1,9.54,2.2,0.0,60.0,0.0,3.54,6.0,6.0
ID_50763-1027522,geothermal,bus_300011,8.4,9.54,0.92,0.0,25.0,0.0,1.48,6.0,6.0
ID_50765-1027523,geothermal,bus_300011,47.2,9.54,5.18,0.0,142.0,0.0,8.31,6.0,6.0
ID_52015-1027525,geothermal,bus_300011,60.5,9.54,6.64,0.0,182.0,0.0,10.65,6.0,6.0
ID_52138-1027526,geothermal,bus_300011,2.4,9.54,0.26,0.0,7.0,0.0,0.42,6.0,6.0
ID_52174-1027527,geothermal,bus_300011,26.1,9.54,2.86,0.0,78.0,0.0,4.59,6.0,6.0
ID_54271-1027528,ngcc,bus_302071,127.2,8.037,56.18,3.42,382.0,6106.0,61.9,1.0,3.0
ID_54349-1027529,ngcc,bus_302051,96.3,8.037,42.54,3.42,289.0,4622.0,46.86,1.0,3.0
ID_54350-1027530,ngcc,bus_302211,96.3,8.037,42.54,3.42,289.0,4622.0,46.86,1.0,3.0
ID_54665-1027531,geothermal,bus_300011,18.2,9.54,2.0,0.0,55.0,0.0,3.2,6.0,6.0
ID_54666-1027532,geothermal,bus_300011,18.2,9.54,2.0,0.0,55.0,0.0,3.2,6.0,6.0
ID_54854-1027533,ngcc,bus_302201,222.0,8.037,98.06,3.42,666.0,10656.0,108.03,1.0,3.0
ID_55077-1027534,ngcc,bus_302071,536.0,8.037,236.75,3.42,1608.0,25728.0,260.82,1.0,3.0
ID_55322-1027535,ngcc,bus_303741,1465.6,8.037,647.36,3.42,4397.0,70349.0,713.16,1.0,3.0
ID_55494-1027536,ngcc,bus_300011,252.0,8.037,111.31,3.42,756.0,12096.0,122.62,1.0,3.0
ID_55514-1027537,ngcc,bus_301461,600.6,8.037,265.29,3.42,1802.0,28829.0,292.25,1.0,3.0
ID_55687-1027538,ngcc,bus_302201,688.4,8.037,304.07,3.42,2065.0,33043.0,334.98,1.0,3.0
ID_55841-1027539,ngcc,bus_301461,664.7,8.037,293.6,3.42,1994.0,31906.0,323.44,1.0,3.0
ID_55988-1027540,geothermal,bus_300011,5.4,9.54,0.59,0.0,16.0,0.0,0.95,6.0,6.0
ID_55991-1027541,geothermal,bus_300011,32.9,9.54,3.61,0.0,99.0,0.0,5.79,6.0,6.0
ID_56224-1027542,coal,bus_740011,242.0,9.75,109.29,6.95,726.0,31218.0,10.36,12.0,12.0
ID_56321-1027543,geothermal,bus_300011,30.0,9.54,3.29,0.0,90.0,0.0,5.28,6.0,6.0
ID_56540-1027546,geothermal,bus_300011,13.5,9.54,1.48,0.0,40.0,0.0,2.38,6.0,6.0
ID_56541-1027547,geothermal,bus_300011,30.0,9.54,3.29,0.0,90.0,0.0,5.28,6.0,6.0
ID_56982-1027550,geothermal,bus_300011,63.9,9.54,7.01,0.0,192.0,0.0,11.25,6.0,6.0
ID_57166-1027551,biomass,bus_300011,3.2,13.5,1.1,5.41,10.0,38.0,2.98,7.0,7.0
ID_57213-1027619,geothermal,bus_300011,23.6,9.54,2.59,0.0,71.0,0.0,4.15,6.0,6.0
ID_57348-1027621,ngcc,bus_301441,8.6,8.037,3.8,3.42,26.0,413.0,4.18,1.0,3.0
ID_57376-1027622,geothermal,bus_300011,23.5,9.54,2.58,0.0,70.0,0.0,4.14,6.0,6.0
ID_57446-1027624,geothermal,bus_300011,100.0,9.54,10.97,0.0,300.0,0.0,17.6,6.0,6.0
ID_57451-1027625,geothermal,bus_741041,24.0,9.54,2.63,0.0,72.0,0.0,4.22,6.0,6.0
ID_57456-1027626,geothermal,bus_300011,11.8,9.54,1.29,0.0,35.0,0.0,2.08,6.0,6.0
ID_57684-1027627,ngcc,bus_232631,7.5,8.037,3.31,3.42,22.0,360.0,3.65,1.0,3.0
ID_58319-1027629,geothermal,bus_300011,48.0,9.54,5.27,0.0,144.0,0.0,8.45,6.0,6.0
ID_58533-1027633,geothermal,bus_300011,22.5,9.54,2.47,0.0,68.0,0.0,3.96,6.0,6.0
ID_60419-1027641,geothermal,bus_300011,25.0,9.54,2.74,0.0,75.0,0.0,4.4,6.0,6.0
ID_6510-1027642,oil,bus_300011,6.0,9.96,2.11,3.42,18.0,180.0,3.72,1.0,1.0
ID_7082-1027647,ngcc,bus_301461,558.5,8.037,246.69,3.42,1676.0,26808.0,271.77,1.0,3.0
ID_7082-1027648,ngcc,bus_301461,186.5,8.037,82.38,3.42,560.0,8952.0,90.75,1.0,3.0
ID_8224-1027649,coal,bus_300011,567.0,9.75,256.06,6.95,1701.0,73143.0,24.27,12.0,12.0
ID_10869-1032215,biomass,bus_133661,40.0,13.5,13.71,5.41,120.0,480.0,37.3,7.0,7.0
ID_50191-1032256,biomass,bus_100931,65.0,13.5,22.28,5.41,195.0,780.0,60.62,7.0,7.0
ID_50396-1032260,biomass,bus_200071,51.5,13.5,17.65,5.41,154.0,618.0,48.03,7.0,7.0
ID_50426-1032261,biomass,bus_100931,9.0,13.5,3.08,5.41,27.0,108.0,8.39,7.0,7.0
ID_50630-1032262,biomass,bus_100931,13.1,13.5,4.49,5.41,39.0,157.0,12.22,7.0,7.0
ID_50921-1032264,biomass,bus_134461,7.5,13.5,2.57,5.41,22.0,90.0,6.99,7.0,7.0
ID_50945-1032266,biomass,bus_133661,1.5,13.5,0.51,5.41,4.0,18.0,1.4,7.0,7.0
ID_50993-1032268,biomass,bus_200071,7.5,13.5,2.57,5.41,22.0,90.0,6.99,7.0,7.0
ID_54761-1032273,ngcc,bus_135041,621.2,8.037,274.38,3.42,1864.0,29818.0,302.28,1.0,3.0
ID_54950-1032274,ngcc,bus_100931,11.0,8.037,4.86,3.42,33.0,528.0,5.35,1.0,3.0
ID_55103-1032275,ngcc,bus_133661,501.5,8.037,221.51,3.42,1504.0,24072.0,244.03,1.0,3.0
ID_55328-1032314,ngcc,bus_135041,689.4,8.037,304.51,3.42,2068.0,33091.0,335.46,1.0,3.0
ID_55544-1032315,ngcc,bus_133661,117.6,8.037,51.94,3.42,353.0,5645.0,57.22,1.0,3.0
ID_56124-1032602,biomass,bus_100931,42.8,13.5,14.67,5.41,128.0,514.0,39.92,7.0,7.0
ID_56192-1032603,biomass,bus_100931,36.0,13.5,12.34,5.41,108.0,432.0,33.57,7.0,7.0
ID_56193-1032604,biomass,bus_133661,8.5,13.5,2.91,5.41,26.0,102.0,7.93,7.0,7.0
ID_56223-1032646,ngcc,bus_100931,10.9,8.037,4.81,3.42,33.0,523.0,5.3,1.0,3.0
ID_56227-1032647,ngcc,bus_100931,483.0,8.037,213.34,3.42,1449.0,23184.0,235.03,1.0,3.0
ID_56461-1032765,biomass,bus_133661,3.2,13.5,1.1,5.41,10.0,38.0,2.98,7.0,7.0
ID_56781-1033220,biomass,bus_100931,21.0,13.5,7.2,5.41,63.0,252.0,19.58,7.0,7.0
ID_57015-1033502,biomass,bus_135041,12.8,13.5,4.39,5.41,38.0,154.0,11.94,7.0,7.0
ID_57019-1033503,biomass,bus_100931,4.8,13.5,1.64,5.41,14.0,58.0,4.48,7.0,7.0
ID_57457-1033733,biomass,bus_100931,19.8,13.5,6.79,5.41,59.0,238.0,18.47,7.0,7.0
ID_57653-1034079,ngcc,bus_100931,6.5,8.037,2.87,3.42,20.0,312.0,3.16,1.0,3.0
ID_57911-1034087,biomass,bus_200071,1.6,13.5,0.55,5.41,5.0,19.0,1.49,7.0,7.0
ID_58022-1034088,geothermal,bus_740011,33.0,9.54,3.62,0.0,99.0,0.0,5.81,6.0,6.0
ID_58109-1034089,biomass,bus_100931,37.3,13.5,12.78,5.41,112.0,448.0,34.79,7.0,7.0
ID_58266-1034092,ngcc,bus_100931,225.6,8.037,99.65,3.42,677.0,10829.0,109.78,1.0,3.0
ID_58382-1034136,biomass,bus_135041,4.8,13.5,1.64,5.41,14.0,58.0,4.48,7.0,7.0
ID_58591-1034139,biomass,bus_100931,1.0,13.5,0.34,5.41,3.0,12.0,0.93,7.0,7.0
ID_58687-1034140,biomass,bus_134201,4.8,13.5,1.64,5.41,14.0,58.0,4.48,7.0,7.0
ID_59382-1034144,geothermal,bus_133661,3.7,9.54,0.41,0.0,11.0,0.0,0.65,6.0,6.0
ID_59704-1034145,biomass,bus_100931,1.6,13.5,0.55,5.41,5.0,19.0,1.49,7.0,7.0
ID_60263-1034147,biomass,bus_100931,1.6,13.5,0.55,5.41,5.0,19.0,1.49,7.0,7.0
ID_6106-1034148,coal,bus_135041,642.2,9.75,290.02,6.95,1927.0,82844.0,27.49,12.0,12.0
ID_7350-1034154,ngcc,bus_134201,266.3,8.037,117.62,3.42,799.0,12782.0,129.58,1.0,3.0
ID_7413-1034155,biomass,bus_100931,3.2,13.5,1.1,5.41,10.0,38.0,2.98,7.0,7.0
ID_7725-1034158,biomass,bus_100931,5.6,13.5,1.92,5.41,17.0,67.0,5.22,7.0,7.0
ID_7931-1034159,ngcc,bus_134201,287.0,8.037,126.77,3.42,861.0,13776.0,139.65,1.0,3.0
ID_8073-1034160,ngcc,bus_100931,586.2,8.037,258.92,3.42,1759.0,28138.0,285.24,1.0,3.0
ID_8073-1034161,ngcc,bus_100931,24.5,8.037,10.82,3.42,74.0,1176.0,11.92,1.0,3.0
ID_3456-1035815,ngcc,bus_800071,628.0,8.037,277.39,3.42,1884.0,30144.0,305.58,1.0,3.0
ID_3456-1035816,ngcc,bus_800071,285.0,8.037,125.88,3.42,855.0,13680.0,138.68,1.0,3.0
ID_50241-1035904,ngcc,bus_800071,4.2,8.037,1.86,3.42,13.0,202.0,2.04,1.0,3.0
ID_54628-1035934,ngcc,bus_800071,19.6,8.037,8.66,3.42,59.0,941.0,9.54,1.0,3.0
ID_58562-1043928,ngcc,bus_800071,263.6,8.037,116.43,3.42,791.0,12653.0,128.27,1.0,3.0
ID_9-1046297,ngcc,bus_800071,80.5,8.037,35.56,3.42,242.0,3864.0,39.17,1.0,3.0
ID_10215-1046299,ngcc,bus_500071,1.8,8.037,0.8,3.42,5.0,86.0,0.88,1.0,3.0
ID_299-1046301,geothermal,bus_500241,44.8,9.54,4.91,0.0,134.0,0.0,7.88,6.0,6.0
ID_3648-1046304,ngcc,bus_503161,213.0,8.037,94.08,3.42,639.0,10224.0,103.65,1.0,3.0
ID_3648-1046305,ngcc,bus_503161,279.1,8.037,123.28,3.42,837.0,13397.0,135.81,1.0,3.0
ID_3665-1046312,ngcc,bus_503161,30.4,8.037,13.43,3.42,91.0,1459.0,14.79,1.0,3.0
ID_3686-1046316,ngcc,bus_500071,10.0,8.037,4.42,3.42,30.0,480.0,4.87,1.0,3.0
ID_3686-1046317,ngcc,bus_500071,7.5,8.037,3.31,3.42,22.0,360.0,3.65,1.0,3.0
ID_4251-1046324,ngcc,bus_501961,15.9,8.037,7.02,3.42,48.0,763.0,7.74,1.0,3.0
ID_50942-1046326,ngcc,bus_503161,3.0,8.037,1.33,3.42,9.0,144.0,1.46,1.0,3.0
ID_50951-1046327,coal,bus_500071,58.1,9.75,26.24,6.95,174.0,7495.0,2.49,12.0,12.0
ID_55302-1046329,biomass,bus_503161,1.6,13.5,0.55,5.41,5.0,19.0,1.49,7.0,7.0
ID_55622-1046330,ngcc,bus_500071,217.0,8.037,95.85,3.42,651.0,10416.0,105.59,1.0,3.0
ID_56102-1046331,ngcc,bus_500071,649.0,8.037,286.66,3.42,1947.0,31152.0,315.8,1.0,3.0
ID_56163-1046332,coal,bus_500071,100.0,9.75,45.16,6.95,300.0,12900.0,4.28,12.0,12.0
ID_56163-1046333,coal,bus_500071,182.0,9.75,82.19,6.95,546.0,23478.0,7.79,12.0,12.0
ID_56163-1046334,ngcc,bus_500071,6.4,8.037,2.83,3.42,19.0,307.0,3.11,1.0,3.0
ID_56177-1046335,ngcc,bus_500071,140.0,8.037,61.84,3.42,420.0,6720.0,68.12,1.0,3.0
ID_56237-1046336,ngcc,bus_500071,1385.0,8.037,611.75,3.42,4155.0,66480.0,673.94,1.0,3.0
ID_56253-1046337,ngcc,bus_407871,80.0,8.037,35.34,3.42,240.0,3840.0,38.93,1.0,3.0
ID_56509-1046338,ngcc,bus_503161,25.0,8.037,11.04,3.42,75.0,1200.0,12.16,1.0,3.0
ID_56554-1046339,biomass,bus_500071,3.2,13.5,1.1,5.41,10.0,38.0,2.98,7.0,7.0
ID_56853-1046349,biomass,bus_500071,4.8,13.5,1.64,5.41,14.0,58.0,4.48,7.0,7.0
ID_57353-1046515,geothermal,bus_500241,14.0,9.54,1.54,0.0,42.0,0.0,2.46,6.0,6.0
ID_57899-1046516,ngcc,bus_407871,10.0,8.037,4.42,3.42,30.0,480.0,4.87,1.0,3.0
ID_57899-1046517,oil,bus_407871,5.1,9.96,1.79,3.42,15.0,153.0,3.16,1.0,1.0
ID_58130-1046519,biomass,bus_500241,3.2,13.5,1.1,5.41,10.0,38.0,2.98,7.0,7.0
ID_58139-1046520,ngcc,bus_501961,5.0,8.037,2.21,3.42,15.0,240.0,2.43,1.0,3.0
ID_58191-1046521,ngcc,bus_500071,48.0,8.037,21.2,3.42,144.0,2304.0,23.36,1.0,3.0
ID_58570-1046522,geothermal,bus_500241,25.0,9.54,2.74,0.0,75.0,0.0,4.4,6.0,6.0
ID_58597-1046523,ngcc,bus_503161,7.4,8.037,3.27,3.42,22.0,355.0,3.6,1.0,3.0
ID_59660-1046533,ngcc,bus_407871,6.0,8.037,2.65,3.42,18.0,288.0,2.92,1.0,3.0
ID_60349-1046539,biomass,bus_503161,2.3,13.5,0.79,5.41,7.0,28.0,2.14,7.0,7.0
ID_6165-1046540,coal,bus_500071,1577.2,9.75,712.26,6.95,4732.0,203459.0,67.5,12.0,12.0
ID_6481-1046543,coal,bus_500241,1640.0,9.75,740.62,6.95,4920.0,211560.0,70.19,12.0,12.0
ID_7028-1046546,ngcc,bus_500071,26.0,8.037,11.48,3.42,78.0,1248.0,12.65,1.0,3.0
ID_7080-1046548,oil,bus_407871,14.0,9.96,4.92,3.42,42.0,420.0,8.69,1.0,1.0
ID_7111-1046549,ngcc,bus_500071,14.1,8.037,6.23,3.42,42.0,677.0,6.86,1.0,3.0
ID_7408-1046551,ngcc,bus_500071,9.7,8.037,4.28,3.42,29.0,466.0,4.72,1.0,3.0
ID_7767-1046553,oil,bus_407871,10.2,9.96,3.58,3.42,31.0,306.0,6.33,1.0,1.0
ID_7790-1046554,coal,bus_503161,499.5,9.75,225.57,6.95,1498.0,64436.0,21.38,12.0,12.0
ID_8010-1046555,ngcc,bus_500071,42.0,8.037,18.55,3.42,126.0,2016.0,20.44,1.0,3.0
ID_8069-1046556,coal,bus_500241,1037.3,9.75,468.44,6.95,3112.0,133812.0,44.4,12.0,12.0
ID_3845-1046822,coal,bus_102281,1459.8,9.75,659.25,6.95,4379.0,188314.0,62.48,12.0,12.0
ID_3853-1046826,oil,bus_102281,2.7,9.96,0.95,3.42,8.0,81.0,1.68,1.0,1.0
ID_50185-1046853,biomass,bus_100221,15.0,13.5,5.14,5.41,45.0,180.0,13.99,7.0,7.0
ID_50187-1046854,biomass,bus_100331,59.4,13.5,20.36,5.41,178.0,713.0,55.4,7.0,7.0
ID_50231-1046856,biomass,bus_135041,10.0,13.5,3.43,5.41,30.0,120.0,9.33,7.0,7.0
ID_50329-1046857,biomass,bus_102281,4.6,13.5,1.58,5.41,14.0,55.0,4.29,7.0,7.0
ID_50886-1046865,biomass,bus_106771,26.0,13.5,8.91,5.41,78.0,312.0,24.25,7.0,7.0
ID_54268-1046867,ngcc,bus_102281,139.8,8.037,61.75,3.42,419.0,6710.0,68.03,1.0,3.0
ID_54476-1046869,ngcc,bus_102281,125.5,8.037,55.43,3.42,376.0,6024.0,61.07,1.0,3.0
ID_54537-1046870,ngcc,bus_102281,285.5,8.037,126.11,3.42,856.0,13704.0,138.92,1.0,3.0
ID_54562-1046871,biomass,bus_100331,55.0,13.5,18.85,5.41,165.0,660.0,51.29,7.0,7.0
ID_54809-1046872,ngcc,bus_102281,5.0,8.037,2.21,3.42,15.0,240.0,2.43,1.0,3.0
ID_54809-1046873,oil,bus_102281,10.0,9.96,3.51,3.42,30.0,300.0,6.2,1.0,1.0
ID_550-1046875,biomass,bus_110161,50.7,13.5,17.37,5.41,152.0,608.0,47.28,7.0,7.0
ID_550-1046876,ngcc,bus_110161,7.2,8.037,3.18,3.42,22.0,346.0,3.5,1.0,3.0
ID_55482-1046877,ngcc,bus_135041,284.3,8.037,125.58,3.42,853.0,13646.0,138.34,1.0,3.0
ID_55662-1047145,ngcc,bus_102281,698.0,8.037,308.31,3.42,2094.0,33504.0,339.65,1.0,3.0
ID_55700-1047146,ngcc,bus_100931,319.0,8.037,140.9,3.42,957.0,15312.0,155.23,1.0,3.0
ID_55818-1047147,ngcc,bus_102281,318.3,8.037,140.59,3.42,955.0,15278.0,154.88,1.0,3.0
ID_55882-1047148,biomass,bus_100221,18.0,13.5,6.17,5.41,54.0,216.0,16.79,7.0,7.0
ID_56016-1047149,ngcc,bus_134461,2.2,8.037,0.97,3.42,7.0,106.0,1.07,1.0,3.0
ID_56016-1047150,oil,bus_134461,1.8,9.96,0.63,3.42,5.0,54.0,1.12,1.0,1.0
ID_56017-1047151,ngcc,bus_106001,45.6,8.037,20.14,3.42,137.0,2189.0,22.19,1.0,3.0
ID_56406-1047522,biomass,bus_102281,28.0,13.5,9.6,5.41,84.0,336.0,26.11,7.0,7.0
ID_56932-1047891,oil,bus_134461,1.0,9.96,0.35,3.42,3.0,30.0,0.62,1.0,1.0
ID_57099-1047892,biomass,bus_102281,64.0,13.5,21.93,5.41,192.0,768.0,59.69,7.0,7.0
ID_57298-1048259,biomass,bus_102281,5.4,13.5,1.85,5.41,16.0,65.0,5.04,7.0,7.0
ID_57759-1048436,biomass,bus_100931,61.5,13.5,21.08,5.41,184.0,738.0,57.35,7.0,7.0
ID_57969-1048438,biomass,bus_102281,4.5,13.5,1.54,5.41,14.0,54.0,4.2,7.0,7.0
ID_58352-1048439,biomass,bus_102281,20.0,13.5,6.85,5.41,60.0,240.0,18.65,7.0,7.0
ID_58688-1048561,biomass,bus_102281,4.5,13.5,1.54,5.41,14.0,54.0,4.2,7.0,7.0
ID_607-1048563,ngcc,bus_102281,376.0,8.037,166.08,3.42,1128.0,18048.0,182.96,1.0,3.0
ID_6120-1048564,ngcc,bus_102281,169.2,8.037,74.74,3.42,508.0,8122.0,82.33,1.0,3.0
ID_6210-1048569,ngcc,bus_106771,61.8,8.037,27.3,3.42,185.0,2966.0,30.07,1.0,3.0
ID_7605-1048585,ngcc,bus_100931,248.0,8.037,109.54,3.42,744.0,11904.0,120.68,1.0,3.0
ID_7832-1048586,biomass,bus_100931,26.0,13.5,8.91,5.41,78.0,312.0,24.25,7.0,7.0
ID_7832-1048587,biomass,bus_100931,10.5,13.5,3.6,5.41,32.0,126.0,9.79,7.0,7.0
ID_7870-1048589,ngcc,bus_102281,176.4,8.037,77.92,3.42,529.0,8467.0,85.84,1.0,3.0
ID_7999-1048653,ngcc,bus_102281,650.0,8.037,287.1,3.42,1950.0,31200.0,316.29,1.0,3.0
ID_8022-1048654,ngcc,bus_106771,24.6,8.037,10.87,3.42,74.0,1181.0,11.97,1.0,3.0
ID_99-1048659,ngcc,bus_102281,177.8,8.037,78.53,3.42,533.0,8534.0,86.52,1.0,3.0
ID_2196-1049594,oil,bus_700001,2.0,9.96,0.7,3.42,6.0,60.0,1.24,1.0,1.0
ID_4158-1049595,coal,bus_700631,922.2,9.75,416.47,6.95,2767.0,118964.0,39.47,12.0,12.0
ID_4162-1049596,coal,bus_501961,832.0,9.75,375.73,6.95,2496.0,107328.0,35.61,12.0,12.0
ID_52127-1049604,ngcc,bus_770011,2.0,8.037,0.88,3.42,6.0,96.0,0.97,1.0,3.0
ID_54318-1049605,coal,bus_503161,30.0,9.75,13.55,6.95,90.0,3870.0,1.28,12.0,12.0
ID_54374-1049606,ngcc,bus_700631,3.9,8.037,1.72,3.42,12.0,187.0,1.9,1.0,3.0
ID_54374-1049607,ngcc,bus_700631,1.7,8.037,0.75,3.42,5.0,82.0,0.83,1.0,3.0
ID_54374-1049608,oil,bus_700631,1.1,9.96,0.39,3.42,3.0,33.0,0.68,1.0,1.0
ID_55278-1049609,ngcc,bus_701551,5.0,8.037,2.21,3.42,15.0,240.0,2.43,1.0,3.0
ID_55477-1049610,ngcc,bus_700631,40.0,8.037,17.67,3.42,120.0,1920.0,19.46,1.0,3.0
ID_55479-1049611,coal,bus_700631,90.0,9.75,40.64,6.95,270.0,11610.0,3.85,12.0,12.0
ID_56312-1049746,ngcc,bus_503161,108.0,8.037,47.7,3.42,324.0,5184.0,52.55,1.0,3.0
ID_56319-1049747,coal,bus_700631,95.0,9.75,42.9,6.95,285.0,12255.0,4.07,12.0,12.0
ID_56596-1049748,coal,bus_700631,116.0,9.75,52.39,6.95,348.0,14964.0,4.96,12.0,12.0
ID_56609-1049749,coal,bus_700631,483.7,9.75,218.44,6.95,1451.0,62397.0,20.7,12.0,12.0
ID_57703-1050343,ngcc,bus_601941,100.0,8.037,44.17,3.42,300.0,4800.0,48.66,1.0,3.0
ID_57703-1050344,ngcc,bus_601941,40.0,8.037,17.67,3.42,120.0,1920.0,19.46,1.0,3.0
ID_57915-1050345,coal,bus_503161,41.0,9.75,18.52,6.95,123.0,5289.0,1.75,12.0,12.0
ID_57967-1050346,ngcc,bus_601941,2.0,8.037,0.88,3.42,6.0,96.0,0.97,1.0,3.0
ID_60130-1050347,ngcc,bus_701551,8.0,8.037,3.53,3.42,24.0,384.0,3.89,1.0,3.0
ID_6101-1050348,coal,bus_700631,402.3,9.75,181.68,6.95,1207.0,51897.0,17.22,12.0,12.0
ID_6204-1050349,coal,bus_601941,1710.0,9.75,772.24,6.95,5130.0,220590.0,73.19,12.0,12.0
ID_7039-1050364,oil,bus_700161,2.7,9.96,0.95,3.42,8.0,81.0,1.68,1.0,1.0
ID_7504-1050366,coal,bus_700631,90.0,9.75,40.64,6.95,270.0,11610.0,3.85,12.0,12.0
ID_7504-1050367,ngcc,bus_700631,40.0,8.037,17.67,3.42,120.0,1920.0,19.46,1.0,3.0
ID_8026-1050369,ngcc,bus_700631,22.5,8.037,9.94,3.42,68.0,1080.0,10.95,1.0,3.0
ID_8028-1050370,ngcc,bus_700631,22.5,8.037,9.94,3.42,68.0,1080.0,10.95,1.0,3.0
ID_8030-1050371,ngcc,bus_700631,22.5,8.037,9.94,3.42,68.0,1080.0,10.95,1.0,3.0
ID_8066-1050372,coal,bus_701551,2441.9,9.75,1102.76,6.95,7326.0,315005.0,104.51,12.0,12.0
bus_100931_SOLAR,solar,bus_100931,5.5,0.0,0.0,0.0,0.0,0.0,0.0,0.0,0.0
bus_105701_SOLAR,solar,bus_105701,0.5,0.0,0.0,0.0,0.0,0.0,0.0,0.0,0.0
bus_133661_SOLAR,solar,bus_133661,9.0,0.0,0.0,0.0,0.0,0.0,0.0,0.0,0.0
bus_135041_SOLAR,solar,bus_135041,4.4,0.0,0.0,0.0,0.0,0.0,0.0,0.0,0.0
bus_201361_SOLAR,solar,bus_201361,58.2,0.0,0.0,0.0,0.0,0.0,0.0,0.0,0.0
bus_211211_SOLAR,solar,bus_211211,32.0,0.0,0.0,0.0,0.0,0.0,0.0,0.0,0.0
bus_216471_SOLAR,solar,bus_216471,2.3,0.0,0.0,0.0,0.0,0.0,0.0,0.0,0.0
bus_230171_SOLAR,solar,bus_230171,3.0,0.0,0.0,0.0,0.0,0.0,0.0,0.0,0.0
bus_230541_SOLAR,solar,bus_230541,5.7,0.0,0.0,0.0,0.0,0.0,0.0,0.0,0.0
bus_230601_SOLAR,solar,bus_230601,733.3000000000001,0.0,0.0,0.0,0.0,0.0,0.0,0.0,0.0
bus_232631_SOLAR,solar,bus_232631,185.4,0.0,0.0,0.0,0.0,0.0,0.0,0.0,0.0
bus_233771_SOLAR,solar,bus_233771,21.0,0.0,0.0,0.0,0.0,0.0,0.0,0.0,0.0
bus_251601_SOLAR,solar,bus_251601,4.5,0.0,0.0,0.0,0.0,0.0,0.0,0.0,0.0
bus_252891_SOLAR,solar,bus_252891,1614.7,0.0,0.0,0.0,0.0,0.0,0.0,0.0,0.0
bus_253751_SOLAR,solar,bus_253751,2.5,0.0,0.0,0.0,0.0,0.0,0.0,0.0,0.0
bus_255981_SOLAR,solar,bus_255981,4.9,0.0,0.0,0.0,0.0,0.0,0.0,0.0,0.0
bus_256181_SOLAR,solar,bus_256181,1.0,0.0,0.0,0.0,0.0,0.0,0.0,0.0,0.0
bus_256751_SOLAR,solar,bus_256751,6.9,0.0,0.0,0.0,0.0,0.0,0.0,0.0,0.0
bus_257141_SOLAR,solar,bus_257141,1.0,0.0,0.0,0.0,0.0,0.0,0.0,0.0,0.0
bus_258301_SOLAR,solar,bus_258301,1.0,0.0,0.0,0.0,0.0,0.0,0.0,0.0,0.0
bus_261001_SOLAR,solar,bus_261001,32.6,0.0,0.0,0.0,0.0,0.0,0.0,0.0,0.0
bus_261331_SOLAR,solar,bus_261331,1105.3,0.0,0.0,0.0,0.0,0.0,0.0,0.0,0.0
bus_280991_SOLAR,solar,bus_280991,899.6,0.0,0.0,0.0,0.0,0.0,0.0,0.0,0.0
bus_283651_SOLAR,solar,bus_283651,8.6,0.0,0.0,0.0,0.0,0.0,0.0,0.0,0.0
bus_285491_SOLAR,solar,bus_285491,10.9,0.0,0.0,0.0,0.0,0.0,0.0,0.0,0.0
bus_286671_SOLAR,solar,bus_286671,1213.3,0.0,0.0,0.0,0.0,0.0,0.0,0.0,0.0
bus_300011_SOLAR,solar,bus_300011,167.9,0.0,0.0,0.0,0.0,0.0,0.0,0.0,0.0
bus_301461_SOLAR,solar,bus_301461,14.0,0.0,0.0,0.0,0.0,0.0,0.0,0.0,0.0
bus_302071_SOLAR,solar,bus_302071,317.7,0.0,0.0,0.0,0.0,0.0,0.0,0.0,0.0
bus_302201_SOLAR,solar,bus_302201,763.7,0.0,0.0,0.0,0.0,0.0,0.0,0.0,0.0
bus_302211_SOLAR,solar,bus_302211,40.0,0.0,0.0,0.0,0.0,0.0,0.0,0.0,0.0
bus_400041_SOLAR,solar,bus_400041,1208.2,0.0,0.0,0.0,0.0,0.0,0.0,0.0,0.0
bus_400061_SOLAR,solar,bus_400061,10.5,0.0,0.0,0.0,0.0,0.0,0.0,0.0,0.0
bus_400071_SOLAR,solar,bus_400071,4.4,0.0,0.0,0.0,0.0,0.0,0.0,0.0,0.0
bus_400501_SOLAR,solar,bus_400501,15.0,0.0,0.0,0.0,0.0,0.0,0.0,0.0,0.0
bus_401601_SOLAR,solar,bus_401601,3.7,0.0,0.0,0.0,0.0,0.0,0.0,0.0,0.0
bus_401621_SOLAR,solar,bus_401621,6.5,0.0,0.0,0.0,0.0,0.0,0.0,0.0,0.0
bus_402791_SOLAR,solar,bus_402791,1.3,0.0,0.0,0.0,0.0,0.0,0.0,0.0,0.0
bus_402811_SOLAR,solar,bus_402811,3.8000000000000003,0.0,0.0,0.0,0.0,0.0,0.0,0.0,0.0
bus_403671_SOLAR,solar,bus_403671,76.80000000000001,0.0,0.0,0.0,0.0,0.0,0.0,0.0,0.0
bus_403691_SOLAR,solar,bus_403691,269.20000000000005,0.0,0.0,0.0,0.0,0.0,0.0,0.0,0.0
bus_407871_SOLAR,solar,bus_407871,48.5,0.0,0.0,0.0,0.0,0.0,0.0,0.0,0.0
bus_409611_SOLAR,solar,bus_409611,376.1,0.0,0.0,0.0,0.0,0.0,0.0,0.0,0.0
bus_409941_SOLAR,solar,bus_409941,317.1,0.0,0.0,0.0,0.0,0.0,0.0,0.0,0.0
bus_500001_SOLAR,solar,bus_500001,12.0,0.0,0.0,0.0,0.0,0.0,0.0,0.0,0.0
bus_500241_SOLAR,solar,bus_500241,153.10000000000002,0.0,0.0,0.0,0.0,0.0,0.0,0.0,0.0
bus_503161_SOLAR,solar,bus_503161,1.3,0.0,0.0,0.0,0.0,0.0,0.0,0.0,0.0
bus_530001_SOLAR,solar,bus_530001,6.9,0.0,0.0,0.0,0.0,0.0,0.0,0.0,0.0
bus_530021_SOLAR,solar,bus_530021,147.8,0.0,0.0,0.0,0.0,0.0,0.0,0.0,0.0
bus_530121_SOLAR,solar,bus_530121,25.4,0.0,0.0,0.0,0.0,0.0,0.0,0.0,0.0
bus_600031_SOLAR,solar,bus_600031,6.800000000000001,0.0,0.0,0.0,0.0,0.0,0.0,0.0,0.0
bus_601941_SOLAR,solar,bus_601941,44.0,0.0,0.0,0.0,0.0,0.0,0.0,0.0,0.0
bus_605771_SOLAR,solar,bus_605771,31.6,0.0,0.0,0.0,0.0,0.0,0.0,0.0,0.0
bus_800071_SOLAR,solar,bus_800071,160.0,0.0,0.0,0.0,0.0,0.0,0.0,0.0,0.0
bus_100221_WIND,wind,bus_100221,6.0,0.0,0.0,0.0,0.0,0.0,0.0,0.0,0.0
bus_100931_WIND,wind,bus_100931,2720.97208128094,0.0,0.0,0.0,0.0,0.0,0.0,0.0,0.0
bus_102281_WIND,wind,bus_102281,105.04999999999997,0.0,0.0,0.0,0.0,0.0,0.0,0.0,0.0
bus_105701_WIND,wind,bus_105701,362.6,0.0,0.0,0.0,0.0,0.0,0.0,0.0,0.0
bus_106771_WIND,wind,bus_106771,104.4,0.0,0.0,0.0,0.0,0.0,0.0,0.0,0.0
bus_133661_WIND,wind,bus_133661,20.700000000000003,0.0,0.0,0.0,0.0,0.0,0.0,0.0,0.0
bus_134201_WIND,wind,bus_134201,64.55,0.0,0.0,0.0,0.0,0.0,0.0,0.0,0.0
bus_134461_WIND,wind,bus_134461,1454.6271806167401,0.0,0.0,0.0,0.0,0.0,0.0,0.0,0.0
bus_135041_WIND,wind,bus_135041,1339.2511786309542,0.0,0.0,0.0,0.0,0.0,0.0,0.0,0.0
bus_201361_WIND,wind,bus_201361,85.5,0.0,0.0,0.0,0.0,0.0,0.0,0.0,0.0
bus_211211_WIND,wind,bus_211211,1155.4900000000002,0.0,0.0,0.0,0.0,0.0,0.0,0.0,0.0
bus_230171_WIND,wind,bus_230171,33.54704819277107,0.0,0.0,0.0,0.0,0.0,0.0,0.0,0.0
bus_252891_WIND,wind,bus_252891,3144.010708363347,0.0,0.0,0.0,0.0,0.0,0.0,0.0,0.0
bus_261331_WIND,wind,bus_261331,3.7,0.0,0.0,0.0,0.0,0.0,0.0,0.0,0.0
bus_280991_WIND,wind,bus_280991,11.7,0.0,0.0,0.0,0.0,0.0,0.0,0.0,0.0
bus_286671_WIND,wind,bus_286671,638.1087350514509,0.0,0.0,0.0,0.0,0.0,0.0,0.0,0.0
bus_400041_WIND,wind,bus_400041,317.2900000000001,0.0,0.0,0.0,0.0,0.0,0.0,0.0,0.0
bus_400061_WIND,wind,bus_400061,10.0,0.0,0.0,0.0,0.0,0.0,0.0,0.0,0.0
bus_403671_WIND,wind,bus_403671,206.10000000000005,0.0,0.0,0.0,0.0,0.0,0.0,0.0,0.0
bus_403691_WIND,wind,bus_403691,30.0,0.0,0.0,0.0,0.0,0.0,0.0,0.0,0.0
bus_405951_WIND,wind,bus_405951,63.000000000000014,0.0,0.0,0.0,0.0,0.0,0.0,0.0,0.0
bus_407871_WIND,wind,bus_407871,95.99999999999997,0.0,0.0,0.0,0.0,0.0,0.0,0.0,0.0
bus_500071_WIND,wind,bus_500071,18.900000000000002,0.0,0.0,0.0,0.0,0.0,0.0,0.0,0.0
bus_500241_WIND,wind,bus_500241,457.30000000000007,0.0,0.0,0.0,0.0,0.0,0.0,0.0,0.0
bus_501961_WIND,wind,bus_501961,227.4000000000001,0.0,0.0,0.0,0.0,0.0,0.0,0.0,0.0
bus_503161_WIND,wind,bus_503161,284.70000000000005,0.0,0.0,0.0,0.0,0.0,0.0,0.0,0.0
bus_530001_WIND,wind,bus_530001,90.0,0.0,0.0,0.0,0.0,0.0,0.0,0.0,0.0
bus_530121_WIND,wind,bus_530121,99.4,0.0,0.0,0.0,0.0,0.0,0.0,0.0,0.0
bus_601941_WIND,wind,bus_601941,4429.391028519809,0.0,0.0,0.0,0.0,0.0,0.0,0.0,0.0
bus_700001_WIND,wind,bus_700001,314.1,0.0,0.0,0.0,0.0,0.0,0.0,0.0,0.0
bus_700631_WIND,wind,bus_700631,431.51468531468527,0.0,0.0,0.0,0.0,0.0,0.0,0.0,0.0
bus_740011_WIND,wind,bus_740011,3.0,0.0,0.0,0.0,0.0,0.0,0.0,0.0,0.0
bus_741041_WIND,wind,bus_741041,431.0,0.0,0.0,0.0,0.0,0.0,0.0,0.0,0.0
bus_741321_WIND,wind,bus_741321,58.99999999999999,0.0,0.0,0.0,0.0,0.0,0.0,0.0,0.0
bus_742351_WIND,wind,bus_742351,399.0,0.0,0.0,0.0,0.0,0.0,0.0,0.0,0.0
bus_770011_WIND,wind,bus_770011,174.18,0.0,0.0,0.0,0.0,0.0,0.0,0.0,0.0
bus_800071_WIND,wind,bus_800071,51.69999999999999,0.0,0.0,0.0,0.0,0.0,0.0,0.0,0.0
bus_100331_HYDRO,hydro,bus_100331,162.0,0.0,0.0,1.0,1.0,1.0,162.0,0.0,0.0
bus_100931_HYDRO,hydro,bus_100931,2874.3999999999996,0.0,0.0,1.0,1.0,1.0,2874.3999999999996,0.0,0.0
bus_102281_HYDRO,hydro,bus_102281,1065.3,0.0,0.0,1.0,1.0,1.0,1065.3,0.0,0.0
bus_105581_HYDRO,hydro,bus_105581,118.8,0.0,0.0,1.0,1.0,1.0,118.8,0.0,0.0
bus_105701_HYDRO,hydro,bus_105701,12.9,0.0,0.0,1.0,1.0,1.0,12.9,0.0,0.0
bus_106771_HYDRO,hydro,bus_106771,207.70000000000002,0.0,0.0,1.0,1.0,1.0,207.70000000000002,0.0,0.0
bus_107501_HYDRO,hydro,bus_107501,3925.3999999999996,0.0,0.0,1.0,1.0,1.0,3925.3999999999996,0.0,0.0
bus_110161_HYDRO,hydro,bus_110161,9228.8,0.0,0.0,1.0,1.0,1.0,9228.8,0.0,0.0
bus_130001_HYDRO,hydro,bus_130001,70.0,0.0,0.0,1.0,1.0,1.0,70.0,0.0,0.0
bus_133661_HYDRO,hydro,bus_133661,251.89999999999998,0.0,0.0,1.0,1.0,1.0,251.89999999999998,0.0,0.0
bus_134461_HYDRO,hydro,bus_134461,3365.8999999999996,0.0,0.0,1.0,1.0,1.0,3365.8999999999996,0.0,0.0
bus_135041_HYDRO,hydro,bus_135041,8857.8,0.0,0.0,1.0,1.0,1.0,8857.8,0.0,0.0
bus_200071_HYDRO,hydro,bus_200071,204.5,0.0,0.0,1.0,1.0,1.0,204.5,0.0,0.0
bus_200261_HYDRO,hydro,bus_200261,1698.3,0.0,0.0,1.0,1.0,1.0,1698.3,0.0,0.0
bus_201361_HYDRO,hydro,bus_201361,3713.6999999999994,0.0,0.0,1.0,1.0,1.0,3713.6999999999994,0.0,0.0
bus_230541_HYDRO,hydro,bus_230541,538.4,0.0,0.0,1.0,1.0,1.0,538.4,0.0,0.0
bus_230601_HYDRO,hydro,bus_230601,2411.1,0.0,0.0,1.0,1.0,1.0,2411.1,0.0,0.0
bus_252891_HYDRO,hydro,bus_252891,26.4,0.0,0.0,1.0,1.0,1.0,26.4,0.0,0.0
bus_280991_HYDRO,hydro,bus_280991,39.900000000000006,0.0,0.0,1.0,1.0,1.0,39.900000000000006,0.0,0.0
bus_300011_HYDRO,hydro,bus_300011,87.3,0.0,0.0,1.0,1.0,1.0,87.3,0.0,0.0
bus_302201_HYDRO,hydro,bus_302201,2078.8,0.0,0.0,1.0,1.0,1.0,2078.8,0.0,0.0
bus_400041_HYDRO,hydro,bus_400041,79.9,0.0,0.0,1.0,1.0,1.0,79.9,0.0,0.0
bus_400061_HYDRO,hydro,bus_400061,139.5,0.0,0.0,1.0,1.0,1.0,139.5,0.0,0.0
bus_400081_HYDRO,hydro,bus_400081,254.8,0.0,0.0,1.0,1.0,1.0,254.8,0.0,0.0
bus_403671_HYDRO,hydro,bus_403671,15.6,0.0,0.0,1.0,1.0,1.0,15.6,0.0,0.0
bus_407871_HYDRO,hydro,bus_407871,1312.0,0.0,0.0,1.0,1.0,1.0,1312.0,0.0,0.0
bus_500071_HYDRO,hydro,bus_500071,75.0,0.0,0.0,1.0,1.0,1.0,75.0,0.0,0.0
bus_501961_HYDRO,hydro,bus_501961,394.6,0.0,0.0,1.0,1.0,1.0,394.6,0.0,0.0
bus_503161_HYDRO,hydro,bus_503161,166.20000000000002,0.0,0.0,1.0,1.0,1.0,166.20000000000002,0.0,0.0
bus_600001_HYDRO,hydro,bus_600001,38.0,0.0,0.0,1.0,1.0,1.0,38.0,0.0,0.0
bus_600031_HYDRO,hydro,bus_600031,359.59999999999997,0.0,0.0,1.0,1.0,1.0,359.59999999999997,0.0,0.0
bus_601941_HYDRO,hydro,bus_601941,171.70000000000002,0.0,0.0,1.0,1.0,1.0,171.70000000000002,0.0,0.0
bus_700001_HYDRO,hydro,bus_700001,199.8,0.0,0.0,1.0,1.0,1.0,199.8,0.0,0.0
bus_700161_HYDRO,hydro,bus_700161,30.5,0.0,0.0,1.0,1.0,1.0,30.5,0.0,0.0
bus_700631_HYDRO,hydro,bus_700631,195.8,0.0,0.0,1.0,1.0,1.0,195.8,0.0,0.0
bus_740011_HYDRO,hydro,bus_740011,267.5,0.0,0.0,1.0,1.0,1.0,267.5,0.0,0.0
bus_740531_HYDRO,hydro,bus_740531,132.0,0.0,0.0,1.0,1.0,1.0,132.0,0.0,0.0
bus_741041_HYDRO,hydro,bus_741041,111.8,0.0,0.0,1.0,1.0,1.0,111.8,0.0,0.0
bus_741321_HYDRO,hydro,bus_741321,246.10000000000002,0.0,0.0,1.0,1.0,1.0,246.10000000000002,0.0,0.0
bus_742351_HYDRO,hydro,bus_742351,2135.4,0.0,0.0,1.0,1.0,1.0,2135.4,0.0,0.0
bus_770011_HYDRO,hydro,bus_770011,318.6,0.0,0.0,1.0,1.0,1.0,318.6,0.0,0.0
bus_800071_HYDRO,hydro,bus_800071,27.9,0.0,0.0,1.0,1.0,1.0,27.9,0.0,0.0
