Name,Bus,Fuel,Max_Cap,Min_Cap,Heat_Rate
ID_113-10138,403671,BIT (Bituminous Coal),839.9,379.3,9.75
ID_114-10139,800071,OIL,26.1,9.17,9.96
ID_117-10141,408441,NG (Natural Gas),1101.2,486.4,8.037
ID_117-10142,408441,NG (Natural Gas),106.2,46.91,8.037
ID_118-10143,403691,NG (Natural Gas),184.5,81.49,8.037
ID_120-10144,400041,NG (Natural Gas),240.6,106.27,8.037
ID_120-10145,400041,NG (Natural Gas),86.7,38.3,8.037
ID_120-10146,400041,OIL,97.7,34.31,9.96
ID_124-10147,403691,NG (Natural Gas),85.0,37.54,8.037
ID_126-10148,403691,BIT (Bituminous Coal),173.3,78.26,9.75
ID_126-10149,403691,NG (Natural Gas),54.0,23.85,8.037
ID_126-10150,403691,NG (Natural Gas),331.2,146.29,8.037
ID_147-10154,403671,NG (Natural Gas),292.0,128.98,8.037
ID_147-10155,403671,NG (Natural Gas),173.7,76.72,8.037
ID_147-10156,403671,NG (Natural Gas),108.0,47.7,8.037
ID_160-10162,403691,BIT (Bituminous Coal),408.0,184.25,9.75
ID_160-10163,403691,NG (Natural Gas),171.1,75.57,8.037
ID_160-10164,403691,NG (Natural Gas),81.6,36.04,8.037
ID_4941-10165,407871,BIT (Bituminous Coal),2409.3,1088.04,9.75
ID_54594-10166,403691,NG (Natural Gas),1.6,0.71,8.037
ID_54594-10167,403691,OIL,1.5,0.53,9.96
ID_54694-10168,400041,NG (Natural Gas),62.6,27.65,8.037
ID_55124-10169,400081,NG (Natural Gas),654.4,289.05,8.037
ID_55129-10170,403691,NG (Natural Gas),646.1,285.38,8.037
ID_55177-10171,400081,NG (Natural Gas),708.0,312.72,8.037
ID_55282-10172,409941,NG (Natural Gas),713.0,314.93,8.037
ID_55306-10173,409611,NG (Natural Gas),619.0,273.41,8.037
ID_55372-10174,408441,NG (Natural Gas),1325.1,585.3,8.037
ID_55455-10175,409941,NG (Natural Gas),1140.3,503.67,8.037
ID_55481-10176,409941,NG (Natural Gas),691.6,305.48,8.037
ID_55522-10177,403691,NG (Natural Gas),605.0,267.23,8.037
ID_56229-10179,403691,NG (Natural Gas),9.0,3.98,8.037
ID_56358-10180,403671,BIO,3.0,1.03,13.5
ID_56482-10181,400061,NG (Natural Gas),121.0,53.45,8.037
ID_56616-10182,405951,BIO,27.2,9.32,13.5
ID_56899-10184,407871,OIL,3.0,1.05,9.96
ID_56948-10185,403671,NG (Natural Gas),726.0,320.67,8.037
ID_57403-10250,401601,BIO,3.2,1.1,13.5
ID_57829-10271,401601,BIO,2.8,0.96,13.5
ID_58199-10340,402811,NG (Natural Gas),9.2,4.06,8.037
ID_58557-10353,409941,NG (Natural Gas),691.6,305.48,8.037
ID_59233-10379,403691,NG (Natural Gas),6.0,2.65,8.037
ID_59338-10380,409611,NG (Natural Gas),1238.0,546.82,8.037
ID_59784-10386,409611,NG (Natural Gas),619.0,273.41,8.037
ID_6088-10389,403691,NG (Natural Gas),107.8,47.62,8.037
ID_6177-10390,403671,BIT (Bituminous Coal),821.8,371.12,9.75
ID_6515-10391,800071,NG (Natural Gas),108.0,47.7,8.037
ID_8068-10393,403671,NG (Natural Gas),1326.0,585.69,8.037
ID_10026-10558,285491,BIO,3.2,1.1,13.5
ID_10034-10560,230171,NG (Natural Gas),130.0,57.42,8.037
ID_10042-10561,230601,NG (Natural Gas),3.5,1.55,8.037
ID_10052-10562,200001,BIO,18.8,6.44,13.5
ID_10074-10563,200001,BIO,20.0,6.85,13.5
ID_10090-10564,255981,BIO,12.0,4.11,13.5
ID_10091-10565,253751,BIO,38.4,13.16,13.5
ID_10110-10566,261331,NG (Natural Gas),6.0,2.65,8.037
ID_10115-10567,285491,NG (Natural Gas),1.6,0.71,8.037
ID_10144-10570,201361,BIO,19.2,6.58,13.5
ID_10156-10571,261331,NG (Natural Gas),60.3,26.63,8.037
ID_10156-10572,261331,NG (Natural Gas),22.3,9.85,8.037
ID_10169-10574,253751,NG (Natural Gas),55.8,24.65,8.037
ID_10175-10575,285491,NG (Natural Gas),3.5,1.55,8.037
ID_10175-10576,285491,OIL,6.5,2.28,9.96
ID_10199-10711,211211,GEO,38.0,4.17,9.54
ID_10206-10712,280991,NG (Natural Gas),10.4,4.59,8.037
ID_10206-10713,280991,OIL,1.7,0.6,9.96
ID_10213-10714,254031,NG (Natural Gas),180.1,79.55,8.037
ID_10262-10717,256181,NG (Natural Gas),13.0,5.74,8.037
ID_10288-10719,201361,BIO,9.3,3.19,13.5
ID_10294-10720,261331,NG (Natural Gas),133.2,58.83,8.037
ID_10300-10721,286671,BIO,55.5,19.02,13.5
ID_10342-10722,211211,NG (Natural Gas),113.5,50.13,8.037
ID_10349-10723,201361,NG (Natural Gas),49.5,21.86,8.037
ID_10350-10724,201361,NG (Natural Gas),66.0,29.15,8.037
ID_10387-10725,285491,BIO,5.4,1.85,13.5
ID_10395-10726,280781,BIO,20.0,6.85,13.5
ID_10405-10727,230601,NG (Natural Gas),36.2,15.99,8.037
ID_10427-10728,280991,NG (Natural Gas),34.0,15.02,8.037
ID_10478-10737,252891,NG (Natural Gas),28.3,12.5,8.037
ID_10479-10738,230601,GEO,15.0,1.65,9.54
ID_10480-10739,230601,GEO,10.0,1.1,9.54
ID_10481-10740,230601,GEO,30.0,3.29,9.54
ID_10496-10741,252891,NG (Natural Gas),300.0,132.51,8.037
ID_10501-10742,252891,NG (Natural Gas),39.1,17.27,8.037
ID_10502-10743,211211,BIO,23.0,7.88,13.5
ID_10548-10744,211211,NG (Natural Gas),6.0,2.65,8.037
ID_10600-10960,285491,NG (Natural Gas),3.1,1.37,8.037
ID_10623-10961,255981,NG (Natural Gas),34.5,15.24,8.037
ID_10631-10962,286671,GEO,35.8,3.93,9.54
ID_10632-10963,286671,GEO,35.8,3.93,9.54
ID_10634-10964,286671,GEO,35.8,3.93,9.54
ID_10635-10965,280991,NG (Natural Gas),47.0,20.76,8.037
ID_10648-10966,280991,BIO,5.4,1.85,13.5
ID_10649-10967,252891,NG (Natural Gas),46.0,20.32,8.037
ID_10650-10968,252891,NG (Natural Gas),46.0,20.32,8.037
ID_10652-10969,133661,BIO,31.0,10.62,13.5
ID_10661-10970,300011,BIO,12.0,4.11,13.5
ID_10677-10971,252891,NG (Natural Gas),90.0,39.75,8.037
ID_10684-10972,280991,BIT (Bituminous Coal),62.5,28.22,9.75
ID_10685-10973,280991,NG (Natural Gas),20.0,8.83,8.037
ID_10720-10990,285491,NG (Natural Gas),3.8,1.68,8.037
ID_10748-10991,233771,BIO,5.0,1.71,13.5
ID_10759-10992,286671,GEO,53.9,5.91,9.54
ID_10763-10993,400041,GEO,29.6,3.25,9.54
ID_10764-10994,200001,BIO,13.8,4.73,13.5
ID_10767-10995,230601,BIO,28.0,9.6,13.5
ID_10768-10996,252891,BIT (Bituminous Coal),38.2,17.25,9.75
ID_10776-10997,258301,NG (Natural Gas),48.5,21.42,8.037
ID_10777-10998,300011,BIO,36.2,12.41,13.5
ID_10810-10999,285491,NG (Natural Gas),25.6,11.31,8.037
ID_10811-101000,285491,NG (Natural Gas),55.2,24.38,8.037
ID_10812-101001,285491,NG (Natural Gas),40.3,17.8,8.037
ID_10820-101002,280781,BIO,1.2,0.41,13.5
ID_10836-101003,201361,BIO,28.0,9.6,13.5
ID_10837-101004,230601,BIO,28.0,9.6,13.5
ID_10840-101005,252891,BIO,57.0,19.53,13.5
ID_10873-101006,280991,GEO,92.2,10.11,9.54
ID_10874-101007,280991,GEO,90.0,9.87,9.54
ID_10875-101008,280991,GEO,90.0,9.87,9.54
ID_10878-101009,286671,GEO,10.0,1.1,9.54
ID_10879-101010,286671,GEO,20.0,2.19,9.54
ID_10884-101014,252891,NG (Natural Gas),5.6,2.47,8.037
ID_151-101015,230541,NG (Natural Gas),71.2,31.45,8.037
ID_151-101016,230541,OIL,71.2,25.01,9.96
ID_246-101046,200261,NG (Natural Gas),167.0,73.76,8.037
ID_260-101054,233771,NG (Natural Gas),1398.0,617.5,8.037
ID_260-101055,233771,NG (Natural Gas),1404.0,620.15,8.037
ID_271-101065,216471,NG (Natural Gas),1403.9,620.1,8.037
ID_286-101078,211211,GEO,1273.0,139.65,9.54
ID_301-101089,285491,NG (Natural Gas),18.0,7.95,8.037
ID_302-101090,285491,NG (Natural Gas),18.0,7.95,8.037
ID_302-101091,285491,NG (Natural Gas),981.6,433.57,8.037
ID_303-101092,285491,NG (Natural Gas),72.0,31.8,8.037
ID_305-101093,285491,NG (Natural Gas),49.0,21.64,8.037
ID_315-101095,261001,NG (Natural Gas),1922.0,848.95,8.037
ID_331-101109,280991,NG (Natural Gas),666.0,294.17,8.037
ID_335-101111,261001,NG (Natural Gas),436.0,192.58,8.037
ID_341-101118,261001,NG (Natural Gas),252.0,111.31,8.037
ID_345-101121,258301,NG (Natural Gas),138.0,60.95,8.037
ID_345-101122,258301,NG (Natural Gas),436.0,192.58,8.037
ID_350-101123,258301,NG (Natural Gas),1612.0,712.02,8.037
ID_356-101126,261001,NG (Natural Gas),1316.4,581.45,8.037
ID_358-101128,280991,NG (Natural Gas),1036.8,457.95,8.037
ID_377-101133,256181,BIO,73.0,25.02,13.5
ID_377-101134,256181,NG (Natural Gas),120.5,53.22,8.037
ID_377-101135,256181,NG (Natural Gas),57.4,25.35,8.037
ID_377-101136,256181,NG (Natural Gas),50.0,22.08,8.037
ID_389-101144,400041,NG (Natural Gas),276.7,122.22,8.037
ID_389-101145,400041,NG (Natural Gas),81.6,36.04,8.037
ID_399-101153,261001,NG (Natural Gas),245.6,108.48,8.037
ID_399-101154,261001,NG (Natural Gas),302.5,133.61,8.037
ID_400-101155,280991,NG (Natural Gas),629.9,278.23,8.037
ID_400-101156,280991,NG (Natural Gas),649.2,286.75,8.037
ID_400-101157,280991,NG (Natural Gas),460.0,203.18,8.037
ID_404-101161,261001,NG (Natural Gas),326.4,144.17,8.037
ID_408-101163,252891,NG (Natural Gas),630.0,278.27,8.037
ID_408-101164,252891,NG (Natural Gas),60.5,26.72,8.037
ID_420-101175,256181,NG (Natural Gas),75.0,33.13,8.037
ID_422-101176,256181,NG (Natural Gas),178.6,78.89,8.037
ID_4256-101179,230601,NG (Natural Gas),49.8,22.0,8.037
ID_50003-101213,252891,NG (Natural Gas),46.0,20.32,8.037
ID_50024-101214,230171,OIL,55.3,19.42,9.96
ID_50049-101216,200261,BIO,32.5,11.14,13.5
ID_50061-101217,285491,NG (Natural Gas),14.3,6.32,8.037
ID_50062-101218,230541,NG (Natural Gas),46.0,20.32,8.037
ID_50064-101219,233771,NG (Natural Gas),4.4,1.94,8.037
ID_50066-101220,211211,GEO,176.4,19.35,9.54
ID_50089-101222,211211,NG (Natural Gas),1.5,0.66,8.037
ID_50110-101223,133661,BIO,20.0,6.85,13.5
ID_50112-101224,300011,BIO,27.5,9.42,13.5
ID_50115-101225,280991,NG (Natural Gas),48.2,21.29,8.037
ID_50119-101226,211211,NG (Natural Gas),54.9,24.25,8.037
ID_50131-101229,261331,NG (Natural Gas),38.4,16.96,8.037
ID_50134-101230,252891,NG (Natural Gas),300.0,132.51,8.037
ID_50148-101232,253751,NG (Natural Gas),31.0,13.69,8.037
ID_50170-101234,252891,NG (Natural Gas),38.7,17.09,8.037
ID_50200-101237,280781,NG (Natural Gas),6.1,2.69,8.037
ID_50210-101238,286671,GEO,39.6,4.34,9.54
ID_50216-101239,261001,NG (Natural Gas),405.0,178.89,8.037
ID_50224-101243,258301,BIO,1.5,0.51,13.5
ID_50234-101245,280991,NG (Natural Gas),2.7,1.19,8.037
ID_50270-101246,258301,NG (Natural Gas),49.3,21.78,8.037
ID_50293-101380,201361,BIO,28.6,9.8,13.5
ID_50299-101381,230601,NG (Natural Gas),49.5,21.86,8.037
ID_50300-101382,257141,NG (Natural Gas),46.0,20.32,8.037
ID_50363-101386,286671,BIO,21.0,7.2,13.5
ID_50388-101389,211211,OIL,27.3,9.59,9.96
ID_50464-101392,258301,NG (Natural Gas),68.7,30.34,8.037
ID_50493-101399,252891,NG (Natural Gas),49.8,22.0,8.037
ID_50494-101400,252891,NG (Natural Gas),49.8,22.0,8.037
ID_50495-101401,252891,NG (Natural Gas),49.8,22.0,8.037
ID_50530-101402,253751,NG (Natural Gas),60.0,26.5,8.037
ID_50530-101403,253751,NG (Natural Gas),23.0,10.16,8.037
ID_50537-102088,211211,NG (Natural Gas),6.0,2.65,8.037
ID_50540-102089,261001,NG (Natural Gas),13.5,5.96,8.037
ID_50541-102090,253751,NG (Natural Gas),107.4,47.44,8.037
ID_50560-102151,230601,BIO,25.0,8.57,13.5
ID_50571-102152,211211,BIO,8.6,2.95,13.5
ID_50610-102153,251601,NG (Natural Gas),1.2,0.53,8.037
ID_50612-102154,252891,NG (Natural Gas),46.0,20.32,8.037
ID_50622-102155,252891,NG (Natural Gas),17.6,7.77,8.037
ID_50623-102156,258301,NG (Natural Gas),14.0,6.18,8.037
ID_50624-102157,253751,NG (Natural Gas),22.5,9.94,8.037
ID_50632-102158,230601,BIO,24.0,8.22,13.5
ID_50674-102159,286671,NG (Natural Gas),1.2,0.53,8.037
ID_50696-102222,261001,BIO,7.5,2.57,13.5
ID_50748-102223,211211,NG (Natural Gas),32.0,14.13,8.037
ID_50750-102224,261331,NG (Natural Gas),6.8,3.0,8.037
ID_50751-102225,252891,NG (Natural Gas),30.8,13.6,8.037
ID_50752-102226,261331,NG (Natural Gas),94.2,41.61,8.037
ID_50762-102273,400041,GEO,9.6,1.05,9.54
ID_50766-102274,400041,GEO,26.4,2.9,9.54
ID_50831-102571,211211,BIO,3.0,1.03,13.5
ID_50837-102572,253751,BIO,35.6,12.2,13.5
ID_50849-102573,211211,NG (Natural Gas),28.5,12.59,8.037
ID_50850-102574,257141,NG (Natural Gas),30.8,13.6,8.037
ID_50851-102575,258301,NG (Natural Gas),31.1,13.74,8.037
ID_50864-102576,261331,NG (Natural Gas),38.2,16.87,8.037
ID_50865-102577,261331,NG (Natural Gas),38.9,17.18,8.037
ID_50876-102578,256751,NG (Natural Gas),30.7,13.56,8.037
ID_50881-102579,201361,BIO,54.9,18.81,13.5
ID_50963-102582,285491,NG (Natural Gas),5.3,2.34,8.037
ID_50964-102583,300011,GEO,3.0,0.33,9.54
ID_50985-102584,201361,NG (Natural Gas),2.8,1.24,8.037
ID_510-102585,211211,GEO,78.0,8.56,9.54
ID_52073-102586,251601,NG (Natural Gas),43.0,18.99,8.037
ID_52076-102587,252891,NG (Natural Gas),12.0,5.3,8.037
ID_52077-102588,261331,NG (Natural Gas),10.5,4.64,8.037
ID_52078-102589,261331,NG (Natural Gas),10.5,4.64,8.037
ID_52081-102590,252891,NG (Natural Gas),6.8,3.0,8.037
ID_52082-102591,252891,NG (Natural Gas),6.8,3.0,8.037
ID_52083-102592,261331,NG (Natural Gas),6.8,3.0,8.037
ID_52085-102593,252891,NG (Natural Gas),12.4,5.48,8.037
ID_52086-102594,261331,NG (Natural Gas),13.6,6.01,8.037
ID_52096-102595,252891,NG (Natural Gas),42.8,18.9,8.037
ID_52099-102596,261001,BIO,16.0,5.48,13.5
ID_52104-102597,252891,NG (Natural Gas),12.4,5.48,8.037
ID_52107-102598,252891,NG (Natural Gas),48.8,21.55,8.037
ID_52109-102599,211211,NG (Natural Gas),155.6,68.73,8.037
ID_52115-102600,230601,NG (Natural Gas),2.8,1.24,8.037
ID_52147-102604,285491,NG (Natural Gas),28.0,12.37,8.037
ID_52158-102605,211211,GEO,25.0,2.74,9.54
ID_52169-102674,252891,NG (Natural Gas),234.0,103.36,8.037
ID_52186-102675,201361,NG (Natural Gas),49.0,21.64,8.037
ID_52204-102676,285491,BIO,10.1,3.46,13.5
ID_535-102679,201361,NG (Natural Gas),77.0,34.01,8.037
ID_54015-102681,280991,BIO,11.7,4.01,13.5
ID_54038-102683,400041,GEO,21.6,2.37,9.54
ID_54111-102684,286671,GEO,80.0,8.78,9.54
ID_54219-102685,133661,BIO,11.4,3.91,13.5
ID_54238-102686,230601,BIO,54.0,18.51,13.5
ID_54296-102689,256751,NG (Natural Gas),2.2,0.97,8.037
ID_54327-102703,252891,BIO,3.6,1.23,13.5
ID_54337-102704,285491,NG (Natural Gas),1.6,0.71,8.037
ID_54371-102706,252891,NG (Natural Gas),42.2,18.64,8.037
ID_54410-102707,252891,NG (Natural Gas),27.7,12.24,8.037
ID_54447-102708,252891,NG (Natural Gas),5.0,2.21,8.037
ID_54449-102709,261331,NG (Natural Gas),6.0,2.65,8.037
ID_54451-102710,253751,NG (Natural Gas),58.5,25.84,8.037
ID_54451-102711,253751,NG (Natural Gas),10.0,4.42,8.037
ID_54468-102751,300011,BIO,11.4,3.91,13.5
ID_54469-102752,201361,BIO,18.0,6.17,13.5
ID_54477-102753,201361,NG (Natural Gas),7.7,3.4,8.037
ID_54517-102754,230541,BIO,7.5,2.57,13.5
ID_54561-102757,211211,NG (Natural Gas),27.0,11.93,8.037
ID_54567-102758,201361,BIO,2.8,0.96,13.5
ID_54626-102759,252891,BIO,62.0,21.25,13.5
ID_54689-102957,286671,GEO,62.5,6.86,9.54
ID_54724-102958,400041,GEO,24.0,2.63,9.54
ID_54749-102959,283651,NG (Natural Gas),51.4,22.7,8.037
ID_54768-102961,252891,NG (Natural Gas),46.0,20.32,8.037
ID_54800-102962,230601,NG (Natural Gas),7.0,3.09,8.037
ID_54912-103165,211211,NG (Natural Gas),100.0,44.17,8.037
ID_54936-103167,285491,NG (Natural Gas),2.6,1.15,8.037
ID_54951-103168,233771,BIO,1.8,0.62,13.5
ID_54996-103169,286671,GEO,47.5,5.21,9.54
ID_55049-103171,201361,BIO,4.0,1.37,13.5
ID_55084-103172,211211,NG (Natural Gas),247.4,109.28,8.037
ID_55094-103173,285491,BIO,6.4,2.19,13.5
ID_55112-103174,201361,NG (Natural Gas),636.0,280.92,8.037
ID_55151-103175,261331,NG (Natural Gas),1200.0,530.04,8.037
ID_55161-103176,252891,BIO,6.0,2.06,13.5
ID_55182-103177,261331,NG (Natural Gas),605.4,267.41,8.037
ID_55184-103178,261331,NG (Natural Gas),6.2,2.74,8.037
ID_55217-103179,211211,NG (Natural Gas),678.3,299.61,8.037
ID_55295-103180,400041,NG (Natural Gas),591.0,261.04,8.037
ID_55333-103181,211211,NG (Natural Gas),943.5,416.74,8.037
ID_55345-103182,285491,NG (Natural Gas),688.5,304.11,8.037
ID_55393-103183,233771,NG (Natural Gas),635.0,280.48,8.037
ID_55400-103203,261331,NG (Natural Gas),623.0,275.18,8.037
ID_55499-103204,201361,NG (Natural Gas),60.5,26.72,8.037
ID_55508-103205,261331,NG (Natural Gas),60.5,26.72,8.037
ID_55510-103206,285491,NG (Natural Gas),60.5,26.72,8.037
ID_55512-103207,285491,NG (Natural Gas),48.7,21.51,8.037
ID_55513-103208,285491,NG (Natural Gas),58.9,26.02,8.037
ID_55518-103209,280991,NG (Natural Gas),852.0,376.33,8.037
ID_55538-103210,283651,NG (Natural Gas),49.9,22.04,8.037
ID_55540-103211,285491,NG (Natural Gas),44.0,19.43,8.037
ID_55541-103212,286671,NG (Natural Gas),149.7,66.12,8.037
ID_55542-103213,285491,NG (Natural Gas),99.8,44.08,8.037
ID_55601-103214,280781,BIO,6.0,2.06,13.5
ID_55602-103215,285491,BIO,3.6,1.23,13.5
ID_55603-103216,258301,BIO,3.0,1.03,13.5
ID_55625-103217,211211,NG (Natural Gas),47.0,20.76,8.037
ID_55626-103218,211211,NG (Natural Gas),47.0,20.76,8.037
ID_55627-103219,211211,NG (Natural Gas),47.0,20.76,8.037
ID_55656-103220,252891,NG (Natural Gas),779.0,344.08,8.037
ID_55698-103221,230601,NG (Natural Gas),92.2,40.72,8.037
ID_55748-103251,211211,NG (Natural Gas),306.1,135.2,8.037
ID_55752-103252,211211,BIO,3.2,1.1,13.5
ID_55753-103253,211211,BIO,3.2,1.1,13.5
ID_55766-103254,230601,BIO,9.0,3.08,13.5
ID_55807-103255,230601,NG (Natural Gas),98.0,43.29,8.037
ID_55810-103256,230171,NG (Natural Gas),135.0,59.63,8.037
ID_55811-103257,261331,NG (Natural Gas),47.3,20.89,8.037
ID_55813-103258,201361,NG (Natural Gas),47.3,20.89,8.037
ID_55820-103259,280991,BIO,1.3,0.45,13.5
ID_55847-103260,201361,NG (Natural Gas),47.0,20.76,8.037
ID_55851-103261,211211,NG (Natural Gas),51.0,22.53,8.037
ID_55853-103262,261001,NG (Natural Gas),819.0,361.75,8.037
ID_55855-103263,211211,NG (Natural Gas),47.0,20.76,8.037
ID_55874-103264,261331,NG (Natural Gas),49.9,22.04,8.037
ID_55880-103265,211211,BIO,1.6,0.55,13.5
ID_55933-103266,211211,NG (Natural Gas),336.1,148.46,8.037
ID_55934-103267,280991,NG (Natural Gas),44.8,19.79,8.037
ID_55935-103268,280991,NG (Natural Gas),44.8,19.79,8.037
ID_55950-103269,261331,NG (Natural Gas),46.6,20.58,8.037
ID_55951-103270,280991,NG (Natural Gas),60.5,26.72,8.037
ID_55963-103271,211211,NG (Natural Gas),47.0,20.76,8.037
ID_55970-103272,230601,NG (Natural Gas),530.0,234.1,8.037
ID_55983-103273,286671,GEO,58.3,6.4,9.54
ID_55984-103274,286671,GEO,11.5,1.26,9.54
ID_55985-103275,285491,NG (Natural Gas),559.0,246.91,8.037
ID_56026-103379,211211,NG (Natural Gas),154.0,68.02,8.037
ID_56036-103380,211211,BIO,6.6,2.26,13.5
ID_56039-103381,255981,NG (Natural Gas),11.8,5.21,8.037
ID_56041-103382,255981,NG (Natural Gas),130.0,57.42,8.037
ID_56046-103383,252891,NG (Natural Gas),387.6,171.2,8.037
ID_56051-103384,253751,NG (Natural Gas),57.4,25.35,8.037
ID_56078-103475,230601,NG (Natural Gas),300.6,132.78,8.037
ID_56080-103476,211211,BIO,2.6,0.89,13.5
ID_56080-103477,211211,NG (Natural Gas),8.4,3.71,8.037
ID_56090-103478,280991,NG (Natural Gas),8.0,3.53,8.037
ID_56134-103513,230601,NG (Natural Gas),3.0,1.33,8.037
ID_56134-103514,230601,OIL,1.8,0.63,9.96
ID_56135-103515,230601,NG (Natural Gas),121.0,53.45,8.037
ID_56143-103516,280991,NG (Natural Gas),196.0,86.57,8.037
ID_56144-103517,280991,NG (Natural Gas),40.0,17.67,8.037
ID_56170-103518,280991,BIO,2.6,0.89,13.5
ID_56184-103519,201361,NG (Natural Gas),46.4,20.49,8.037
ID_56185-103520,230601,NG (Natural Gas),49.6,21.91,8.037
ID_56232-103522,285491,NG (Natural Gas),106.0,46.82,8.037
ID_56239-103523,230601,NG (Natural Gas),121.0,53.45,8.037
ID_56284-103577,261331,NG (Natural Gas),5.5,2.43,8.037
ID_56298-103603,201361,NG (Natural Gas),164.0,72.44,8.037
ID_56346-103618,280991,NG (Natural Gas),8.4,3.71,8.037
ID_56356-103619,280991,NG (Natural Gas),49.0,21.64,8.037
ID_56428-103720,233771,BIO,3.0,1.03,13.5
ID_56467-103849,216471,NG (Natural Gas),655.0,289.31,8.037
ID_56469-103850,133661,BIO,13.4,4.59,13.5
ID_56471-103851,258301,NG (Natural Gas),49.8,22.0,8.037
ID_56472-103852,280991,NG (Natural Gas),49.8,22.0,8.037
ID_56473-103853,280991,NG (Natural Gas),49.8,22.0,8.037
ID_56474-103854,280991,NG (Natural Gas),49.8,22.0,8.037
ID_56475-103855,256751,NG (Natural Gas),49.8,22.0,8.037
ID_56476-103856,211211,NG (Natural Gas),619.7,273.72,8.037
ID_56532-103857,201361,NG (Natural Gas),712.4,314.67,8.037
ID_56534-103858,280991,BIO,3.9,1.34,13.5
ID_56535-103859,252891,BIO,2.6,0.89,13.5
ID_56569-103860,286671,NG (Natural Gas),121.0,53.45,8.037
ID_56639-103863,261331,NG (Natural Gas),139.8,61.75,8.037
ID_56706-103908,230601,BIO,12.5,4.28,13.5
ID_56707-103909,230601,BIO,12.5,4.28,13.5
ID_56803-103956,261331,NG (Natural Gas),432.0,190.81,8.037
ID_56832-103959,286671,GEO,64.0,7.02,9.54
ID_56895-104037,211211,BIO,11.4,3.91,13.5
ID_56897-104038,216471,BIO,3.8,1.3,13.5
ID_56898-104039,252891,BIO,9.2,3.15,13.5
ID_56914-104041,285491,NG (Natural Gas),118.0,52.12,8.037
ID_57001-104045,285491,NG (Natural Gas),49.9,22.04,8.037
ID_57027-104055,280991,NG (Natural Gas),200.0,88.34,8.037
ID_57100-104060,261331,BIO,1.1,0.38,13.5
ID_57101-104061,261331,BIO,1.4,0.48,13.5
ID_57102-104062,280991,BIO,2.2,0.75,13.5
ID_57122-104063,280781,NG (Natural Gas),19.0,8.39,8.037
ID_57133-104064,201361,BIO,3.2,1.1,13.5
ID_57154-104065,286671,BIO,18.1,6.2,13.5
ID_57163-104066,251601,BIO,13.8,4.73,13.5
ID_57267-104103,216471,NG (Natural Gas),828.0,365.73,8.037
ID_57475-104475,286671,GEO,55.0,6.03,9.54
ID_57482-104476,280991,NG (Natural Gas),800.0,353.36,8.037
ID_57483-104477,211211,NG (Natural Gas),199.6,88.16,8.037
ID_57515-104721,280991,NG (Natural Gas),500.0,220.85,8.037
ID_57557-104728,211211,BIO,1.6,0.55,13.5
ID_57564-104730,230601,NG (Natural Gas),61.5,27.16,8.037
ID_57573-104732,211211,NG (Natural Gas),3.5,1.55,8.037
ID_57580-104734,201361,NG (Natural Gas),4.2,1.86,8.037
ID_57584-104735,285491,NG (Natural Gas),33.0,14.58,8.037
ID_57585-104736,258301,NG (Natural Gas),29.0,12.81,8.037
ID_57696-104830,211211,BIO,4.6,1.58,13.5
ID_57702-104901,253751,NG (Natural Gas),5.7,2.52,8.037
ID_57713-104903,285491,NG (Natural Gas),9.6,4.24,8.037
ID_57714-104904,211211,NG (Natural Gas),4.4,1.94,8.037
ID_57715-104905,285491,NG (Natural Gas),2.0,0.88,8.037
ID_57771-105030,201361,BIO,2.3,0.79,13.5
ID_57857-105253,201361,BIO,5.5,1.88,13.5
ID_57876-105257,233771,BIO,1.6,0.55,13.5
ID_57901-105262,254031,NG (Natural Gas),537.4,237.37,8.037
ID_57916-105264,286671,NG (Natural Gas),8.9,3.93,8.037
ID_57971-105302,211211,BIO,2.1,0.72,13.5
ID_57977-105303,300011,NG (Natural Gas),6.0,2.65,8.037
ID_57978-105304,230601,NG (Natural Gas),288.9,127.61,8.037
ID_57988-105306,201361,BIO,4.8,1.64,13.5
ID_58007-105310,280991,BIO,37.2,12.75,13.5
ID_58053-105314,230601,OIL,3.3,1.16,9.96
ID_58058-105316,256751,NG (Natural Gas),6.7,2.96,8.037
ID_58083-105321,280991,NG (Natural Gas),21.0,9.28,8.037
ID_58085-105322,252891,OIL,1.5,0.53,9.96
ID_58100-105324,252891,NG (Natural Gas),4.5,1.99,8.037
ID_58122-105338,252891,NG (Natural Gas),48.5,21.42,8.037
ID_58168-105441,280991,NG (Natural Gas),1.5,0.66,8.037
ID_58190-105444,261331,NG (Natural Gas),1.4,0.62,8.037
ID_58198-105445,211211,NG (Natural Gas),13.5,5.96,8.037
ID_58223-105450,261001,NG (Natural Gas),4.5,1.99,8.037
ID_58258-105461,254031,NG (Natural Gas),9.2,4.06,8.037
ID_58320-105470,211211,BIO,1.6,0.55,13.5
ID_58379-105479,261331,BIO,1.5,0.51,13.5
ID_58397-105579,261331,BIO,1.4,0.48,13.5
ID_58429-105585,252891,BIO,23.0,7.88,13.5
ID_58432-105587,258301,NG (Natural Gas),13.2,5.83,8.037
ID_58435-105588,211211,BIO,4.4,1.51,13.5
ID_58436-105589,230601,BIO,4.4,1.51,13.5
ID_58437-105590,230541,BIO,4.4,1.51,13.5
ID_58472-105602,230601,BIO,22.5,7.71,13.5
ID_58593-105626,201361,NG (Natural Gas),2.9,1.28,8.037
ID_58593-105627,201361,OIL,1.0,0.35,9.96
ID_58607-105629,211211,NG (Natural Gas),1.5,0.66,8.037
ID_58619-105635,211211,NG (Natural Gas),1.0,0.44,8.037
ID_58699-105644,252891,BIO,2.0,0.69,13.5
ID_58914-105671,286671,NG (Natural Gas),16.4,7.24,8.037
ID_58960-105677,211211,BIO,4.4,1.51,13.5
ID_58971-105679,230601,BIO,3.3,1.13,13.5
ID_58978-105681,230541,BIO,1.5,0.51,13.5
ID_59074-105691,211211,OIL,65.1,22.86,9.96
ID_59447-105786,230601,BIO,1.0,0.34,13.5
ID_59456-105787,285491,NG (Natural Gas),9.2,4.06,8.037
ID_59457-105788,285491,NG (Natural Gas),4.6,2.03,8.037
ID_59458-105789,285491,NG (Natural Gas),4.6,2.03,8.037
ID_59658-105807,201361,BIO,30.2,10.35,13.5
ID_60100-105873,230601,BIO,11.5,3.94,13.5
ID_6013-105874,256181,NG (Natural Gas),109.7,48.45,8.037
ID_60220-105876,211211,BIO,1.6,0.55,13.5
ID_60249-105877,211211,BIO,1.2,0.41,13.5
ID_60571-105881,285491,BIO,1.6,0.55,13.5
ID_6060-105882,286671,NG (Natural Gas),92.4,40.81,8.037
ID_6211-105886,211211,OIL,223.5,78.49,9.96
ID_6518-105892,300011,OIL,15.0,5.27,9.96
ID_6704-105899,253751,OIL,11.6,4.07,9.96
ID_7231-105910,211211,NG (Natural Gas),64.6,28.53,8.037
ID_7232-105911,211211,NG (Natural Gas),7.8,3.45,8.037
ID_7266-105912,230601,NG (Natural Gas),98.2,43.37,8.037
ID_7266-105913,230601,NG (Natural Gas),100.8,44.52,8.037
ID_7307-105914,200261,NG (Natural Gas),109.3,48.28,8.037
ID_7307-105915,200261,NG (Natural Gas),73.8,32.6,8.037
ID_7315-105916,230601,NG (Natural Gas),223.5,98.72,8.037
ID_7368-105918,211211,GEO,110.0,12.07,9.54
ID_7369-105919,211211,GEO,110.0,12.07,9.54
ID_7436-105920,255981,OIL,30.0,10.54,9.96
ID_7449-105921,230601,NG (Natural Gas),50.0,22.08,8.037
ID_7450-105923,211211,NG (Natural Gas),54.8,24.21,8.037
ID_7451-105924,230541,NG (Natural Gas),27.4,12.1,8.037
ID_7452-105925,201361,NG (Natural Gas),54.8,24.21,8.037
ID_7527-105981,230601,NG (Natural Gas),71.5,31.58,8.037
ID_7527-105982,230601,NG (Natural Gas),54.0,23.85,8.037
ID_7551-105983,201361,NG (Natural Gas),149.4,65.99,8.037
ID_7551-105984,201361,NG (Natural Gas),44.0,19.43,8.037
ID_7552-105985,201361,NG (Natural Gas),173.9,76.81,8.037
ID_7693-105987,280991,NG (Natural Gas),49.2,21.73,8.037
ID_7824-105989,286671,NG (Natural Gas),24.9,11.0,8.037
ID_7824-105990,286671,OIL,24.9,8.74,9.96
ID_7987-105994,256181,NG (Natural Gas),60.5,26.72,8.037
ID_8076-105995,258301,NG (Natural Gas),58.0,25.62,8.037
ID_902-105998,211211,GEO,55.0,6.03,9.54
ID_10003-106000,601941,NG (Natural Gas),35.0,15.46,8.037
ID_10180-106002,601941,BIO,15.0,5.14,13.5
ID_10682-106007,601941,NG (Natural Gas),273.4,120.76,8.037
ID_10682-106008,601941,NG (Natural Gas),23.8,10.51,8.037
ID_10755-106009,600031,NG (Natural Gas),84.0,37.1,8.037
ID_460-106010,403671,OIL,10.0,3.51,9.96
ID_464-106011,530021,NG (Natural Gas),53.2,23.5,8.037
ID_469-106013,601941,BIT (Bituminous Coal),380.8,171.97,9.75
ID_469-106014,601941,NG (Natural Gas),625.6,276.33,8.037
ID_470-106015,403671,BIT (Bituminous Coal),1635.3,738.5,9.75
ID_477-106017,601941,BIT (Bituminous Coal),191.7,86.57,9.75
ID_477-106018,601941,BIT (Bituminous Coal),191.7,86.57,9.75
ID_477-106019,601941,NG (Natural Gas),59.3,26.19,8.037
ID_491-106020,530021,OIL,1.5,0.53,9.96
ID_492-106021,601941,BIT (Bituminous Coal),50.0,22.58,9.75
ID_492-106022,601941,BIT (Bituminous Coal),257.0,116.06,9.75
ID_493-106023,601941,NG (Natural Gas),59.6,26.33,8.037
ID_50707-106029,601941,NG (Natural Gas),396.9,175.31,8.037
ID_50709-106030,601941,NG (Natural Gas),37.0,16.34,8.037
ID_508-106031,601941,BIT (Bituminous Coal),43.5,19.64,9.75
ID_511-106032,605771,BIT (Bituminous Coal),3.7,1.67,9.75
ID_511-106033,605771,BIT (Bituminous Coal),3.7,1.67,9.75
ID_511-106034,605771,NG (Natural Gas),3.8,1.68,8.037
ID_511-106035,605771,OIL,5.4,1.9,9.96
ID_525-106046,600031,BIT (Bituminous Coal),465.4,210.17,9.75
ID_527-106047,600031,BIT (Bituminous Coal),113.8,51.39,9.75
ID_54372-106049,601941,NG (Natural Gas),33.0,14.58,8.037
ID_54630-106050,600031,NG (Natural Gas),6.4,2.83,8.037
ID_54630-106051,600031,OIL,3.2,1.12,9.96
ID_55127-106055,601941,NG (Natural Gas),300.0,132.51,8.037
ID_55200-106056,601941,NG (Natural Gas),194.0,85.69,8.037
ID_55207-106073,601941,NG (Natural Gas),142.2,62.81,8.037
ID_55283-106074,601941,NG (Natural Gas),541.0,238.96,8.037
ID_55453-106075,601941,NG (Natural Gas),228.0,100.71,8.037
ID_55504-106076,601941,NG (Natural Gas),154.2,68.11,8.037
ID_55505-106077,601941,NG (Natural Gas),154.2,68.11,8.037
ID_55645-106078,601941,NG (Natural Gas),397.8,175.71,8.037
ID_55650-106079,601941,NG (Natural Gas),114.0,50.35,8.037
ID_55835-106113,601941,NG (Natural Gas),685.1,302.61,8.037
ID_56445-106531,601941,NG (Natural Gas),394.0,174.03,8.037
ID_56516-106583,601941,NG (Natural Gas),117.6,51.94,8.037
ID_56530-106584,601941,BIO,3.2,1.1,13.5
ID_56998-106854,601941,NG (Natural Gas),200.0,88.34,8.037
ID_56998-106855,601941,NG (Natural Gas),200.0,88.34,8.037
ID_58081-107319,601941,BIT (Bituminous Coal),3.0,1.35,9.75
ID_58574-107576,600031,BIO,11.3,3.87,13.5
ID_59143-107734,601941,BIO,3.2,1.1,13.5
ID_6021-107978,600031,BIT (Bituminous Coal),1427.6,644.7,9.75
ID_6112-107981,601941,NG (Natural Gas),867.9,383.35,8.037
ID_6112-107982,601941,NG (Natural Gas),280.6,123.94,8.037
ID_6248-107986,601941,BIT (Bituminous Coal),552.3,249.42,9.75
ID_6516-107987,601941,OIL,10.0,3.51,9.96
ID_6619-107988,601941,OIL,129.4,45.45,9.96
ID_6761-107989,601941,BIT (Bituminous Coal),293.6,132.59,9.75
ID_6761-107990,601941,NG (Natural Gas),506.8,223.85,8.037
ID_7995-107995,601941,OIL,10.0,3.51,9.96
ID_8067-107996,601941,NG (Natural Gas),100.8,44.52,8.037
ID_8100-107997,601941,OIL,2.7,0.95,9.96
ID_8219-107998,601941,BIT (Bituminous Coal),207.0,93.48,9.75
ID_8219-107999,601941,NG (Natural Gas),75.6,33.39,8.037
ID_10504-1012249,501961,BIT (Bituminous Coal),10.2,4.61,9.75
ID_50099-1012258,134461,BIO,6.2,2.12,13.5
ID_50637-1012260,134461,BIO,93.8,32.15,13.5
ID_50637-1012261,134461,NG (Natural Gas),20.0,8.83,8.037
ID_54578-1012275,741041,NG (Natural Gas),10.4,4.59,8.037
ID_54579-1012276,501961,NG (Natural Gas),10.4,4.59,8.037
ID_54690-1012279,134461,BIT (Bituminous Coal),8.7,3.93,9.75
ID_55090-1012283,106771,BIO,6.2,2.12,13.5
ID_55179-1012284,106771,NG (Natural Gas),301.5,133.17,8.037
ID_55733-1012285,741041,NG (Natural Gas),172.8,76.33,8.037
ID_56317-1012336,501961,GEO,18.0,1.97,9.54
ID_57028-1012453,134461,NG (Natural Gas),318.5,140.68,8.037
ID_57343-1012581,501961,BIO,2.2,0.75,13.5
ID_57344-1012582,501961,BIO,2.4,0.82,13.5
ID_57345-1012583,700001,BIO,1.8,0.62,13.5
ID_57393-1012584,741041,BIO,1.6,0.55,13.5
ID_57425-1012585,501961,BIO,4.5,1.54,13.5
ID_57861-1012722,740011,BIO,3.0,1.03,13.5
ID_57902-1012755,106771,BIO,3.2,1.1,13.5
ID_58142-1012832,501961,BIO,3.2,1.1,13.5
ID_58967-1012834,501961,BIO,2.4,0.82,13.5
ID_58968-1012835,741041,BIO,4.5,1.54,13.5
ID_58969-1012836,741041,BIO,1.6,0.55,13.5
ID_58970-1012837,501961,BIO,3.3,1.13,13.5
ID_59496-1012838,700001,NG (Natural Gas),5.6,2.47,8.037
ID_59529-1012839,501961,BIO,1.6,0.55,13.5
ID_7456-1012849,106771,NG (Natural Gas),166.4,73.5,8.037
ID_7953-1012851,740011,NG (Natural Gas),270.9,119.66,8.037
ID_817-1012860,770011,OIL,5.0,1.76,9.96
ID_108-1016569,601941,BIT (Bituminous Coal),348.7,157.47,9.75
ID_1224-1016570,601941,OIL,4.0,1.4,9.96
ID_1225-1016571,601941,NG (Natural Gas),16.0,7.07,8.037
ID_1272-1016604,601941,OIL,17.2,6.04,9.96
ID_1280-1016609,601941,NG (Natural Gas),18.0,7.95,8.037
ID_1280-1016610,601941,OIL,0.7,0.25,9.96
ID_1321-1016649,601941,OIL,5.9,2.07,9.96
ID_1324-1016651,601941,NG (Natural Gas),3.0,1.33,8.037
ID_1336-1016660,601941,NG (Natural Gas),158.4,69.97,8.037
ID_1336-1016661,601941,NG (Natural Gas),97.9,43.24,8.037
ID_58193-1018257,601941,NG (Natural Gas),2.0,0.88,8.037
ID_58255-1018258,601941,NG (Natural Gas),120.0,53.0,8.037
ID_59045-1018528,601941,NG (Natural Gas),27.6,12.19,8.037
ID_6579-1018719,601941,NG (Natural Gas),1.2,0.53,8.037
ID_6579-1018720,601941,OIL,5.3,1.86,9.96
ID_7393-1018729,601941,NG (Natural Gas),4.4,1.94,8.037
ID_10784-1023664,770011,BIT (Bituminous Coal),46.1,20.82,9.75
ID_2177-1023666,770011,NG (Natural Gas),23.3,10.29,8.037
ID_50931-1023680,770011,OIL,68.0,23.88,9.96
ID_55749-1023682,770011,BIT (Bituminous Coal),115.7,52.25,9.75
ID_55866-1023683,741321,NG (Natural Gas),54.9,24.25,8.037
ID_56496-1023774,770011,NG (Natural Gas),1.6,0.71,8.037
ID_56908-1023803,770011,NG (Natural Gas),203.1,89.71,8.037
ID_58523-1024118,742351,BIO,3.8,1.3,13.5
ID_6076-1024138,770011,BIT (Bituminous Coal),2272.0,1026.04,9.75
ID_2230-1025848,601941,OIL,1.3,0.46,9.96
ID_2248-1025866,601941,NG (Natural Gas),9.6,4.24,8.037
ID_2302-1025893,601941,NG (Natural Gas),7.5,3.31,8.037
ID_2302-1025894,601941,OIL,0.8,0.28,9.96
ID_57937-1026177,601941,BIT (Bituminous Coal),5.0,2.26,9.75
ID_10339-1026796,403671,BIO,2.2,0.75,13.5
ID_10339-1026797,403671,NG (Natural Gas),4.4,1.94,8.037
ID_2442-1026798,600031,BIT (Bituminous Coal),1636.2,738.91,9.75
ID_2444-1026799,800071,NG (Natural Gas),106.0,46.82,8.037
ID_2444-1026800,800071,NG (Natural Gas),266.5,117.71,8.037
ID_2450-1026803,403671,NG (Natural Gas),154.0,68.02,8.037
ID_2451-1026804,600031,BIT (Bituminous Coal),924.0,417.28,9.75
ID_2451-1026805,600031,BIT (Bituminous Coal),1848.0,834.56,9.75
ID_2475-1026810,403671,NG (Natural Gas),45.0,19.88,8.037
ID_50906-1026811,403671,NG (Natural Gas),13.7,6.05,8.037
ID_50906-1026812,403671,NG (Natural Gas),1.1,0.49,8.037
ID_50997-1026813,403671,NG (Natural Gas),6.0,2.65,8.037
ID_54667-1026814,800071,NG (Natural Gas),54.0,23.85,8.037
ID_54734-1026815,800071,OIL,45.4,15.94,9.96
ID_54814-1026816,600001,NG (Natural Gas),121.6,53.71,8.037
ID_54975-1026817,800071,NG (Natural Gas),4.7,2.08,8.037
ID_55039-1026818,403671,NG (Natural Gas),150.0,66.26,8.037
ID_55210-1026819,800071,NG (Natural Gas),287.0,126.77,8.037
ID_55312-1026820,800071,OIL,2.4,0.84,9.96
ID_55343-1026821,800071,NG (Natural Gas),650.0,287.1,8.037
ID_55802-1026822,530121,NG (Natural Gas),159.5,70.45,8.037
ID_55977-1026823,406911,NG (Natural Gas),67.0,29.59,8.037
ID_57476-1027273,600001,OIL,2.0,0.7,9.96
ID_58284-1027333,530121,NG (Natural Gas),42.3,18.68,8.037
ID_58629-1027354,800071,GEO,4.0,0.44,9.54
ID_7967-1027506,800071,NG (Natural Gas),88.0,38.87,8.037
ID_7975-1027507,800071,NG (Natural Gas),186.0,82.16,8.037
ID_10018-1027508,300011,GEO,26.0,2.85,9.54
ID_10287-1027509,740011,GEO,20.6,2.26,9.54
ID_10761-1027510,301461,NG (Natural Gas),358.9,158.53,8.037
ID_2322-1027512,302201,NG (Natural Gas),578.8,255.66,8.037
ID_2322-1027513,302201,NG (Natural Gas),796.8,351.95,8.037
ID_2324-1027514,301461,BIT (Bituminous Coal),294.8,133.13,9.75
ID_2324-1027515,301461,BIT (Bituminous Coal),294.8,133.13,9.75
ID_2330-1027516,300011,NG (Natural Gas),230.0,101.59,8.037
ID_2336-1027517,300011,NG (Natural Gas),743.1,328.23,8.037
ID_2336-1027518,300011,NG (Natural Gas),170.0,75.09,8.037
ID_2336-1027519,300011,NG (Natural Gas),119.8,52.92,8.037
ID_50654-1027521,300011,GEO,20.1,2.2,9.54
ID_50763-1027522,300011,GEO,8.4,0.92,9.54
ID_50765-1027523,300011,GEO,47.2,5.18,9.54
ID_52015-1027525,300011,GEO,60.5,6.64,9.54
ID_52138-1027526,300011,GEO,2.4,0.26,9.54
ID_52174-1027527,300011,GEO,26.1,2.86,9.54
ID_54271-1027528,302071,NG (Natural Gas),127.2,56.18,8.037
ID_54349-1027529,302051,NG (Natural Gas),96.3,42.54,8.037
ID_54350-1027530,302211,NG (Natural Gas),96.3,42.54,8.037
ID_54665-1027531,300011,GEO,18.2,2.0,9.54
ID_54666-1027532,300011,GEO,18.2,2.0,9.54
ID_54854-1027533,302201,NG (Natural Gas),222.0,98.06,8.037
ID_55077-1027534,302071,NG (Natural Gas),536.0,236.75,8.037
ID_55322-1027535,303741,NG (Natural Gas),1465.6,647.36,8.037
ID_55494-1027536,300011,NG (Natural Gas),252.0,111.31,8.037
ID_55514-1027537,301461,NG (Natural Gas),600.6,265.29,8.037
ID_55687-1027538,302201,NG (Natural Gas),688.4,304.07,8.037
ID_55841-1027539,301461,NG (Natural Gas),664.7,293.6,8.037
ID_55988-1027540,300011,GEO,5.4,0.59,9.54
ID_55991-1027541,300011,GEO,32.9,3.61,9.54
ID_56224-1027542,740011,BIT (Bituminous Coal),242.0,109.29,9.75
ID_56321-1027543,300011,GEO,30.0,3.29,9.54
ID_56540-1027546,300011,GEO,13.5,1.48,9.54
ID_56541-1027547,300011,GEO,30.0,3.29,9.54
ID_56982-1027550,300011,GEO,63.9,7.01,9.54
ID_57166-1027551,300011,BIO,3.2,1.1,13.5
ID_57213-1027619,300011,GEO,23.6,2.59,9.54
ID_57348-1027621,301441,NG (Natural Gas),8.6,3.8,8.037
ID_57376-1027622,300011,GEO,23.5,2.58,9.54
ID_57446-1027624,300011,GEO,100.0,10.97,9.54
ID_57451-1027625,741041,GEO,24.0,2.63,9.54
ID_57456-1027626,300011,GEO,11.8,1.29,9.54
ID_57684-1027627,232631,NG (Natural Gas),7.5,3.31,8.037
ID_58319-1027629,300011,GEO,48.0,5.27,9.54
ID_58533-1027633,300011,GEO,22.5,2.47,9.54
ID_60419-1027641,300011,GEO,25.0,2.74,9.54
ID_6510-1027642,300011,OIL,6.0,2.11,9.96
ID_7082-1027647,301461,NG (Natural Gas),558.5,246.69,8.037
ID_7082-1027648,301461,NG (Natural Gas),186.5,82.38,8.037
ID_8224-1027649,300011,BIT (Bituminous Coal),567.0,256.06,9.75
ID_10869-1032215,133661,BIO,40.0,13.71,13.5
ID_50191-1032256,100931,BIO,65.0,22.28,13.5
ID_50396-1032260,200071,BIO,51.5,17.65,13.5
ID_50426-1032261,100931,BIO,9.0,3.08,13.5
ID_50630-1032262,100931,BIO,13.1,4.49,13.5
ID_50921-1032264,134461,BIO,7.5,2.57,13.5
ID_50945-1032266,133661,BIO,1.5,0.51,13.5
ID_50993-1032268,200071,BIO,7.5,2.57,13.5
ID_54761-1032273,135041,NG (Natural Gas),621.2,274.38,8.037
ID_54950-1032274,100931,NG (Natural Gas),11.0,4.86,8.037
ID_55103-1032275,133661,NG (Natural Gas),501.5,221.51,8.037
ID_55328-1032314,135041,NG (Natural Gas),689.4,304.51,8.037
ID_55544-1032315,133661,NG (Natural Gas),117.6,51.94,8.037
ID_56124-1032602,100931,BIO,42.8,14.67,13.5
ID_56192-1032603,100931,BIO,36.0,12.34,13.5
ID_56193-1032604,133661,BIO,8.5,2.91,13.5
ID_56223-1032646,100931,NG (Natural Gas),10.9,4.81,8.037
ID_56227-1032647,100931,NG (Natural Gas),483.0,213.34,8.037
ID_56461-1032765,133661,BIO,3.2,1.1,13.5
ID_56781-1033220,100931,BIO,21.0,7.2,13.5
ID_57015-1033502,135041,BIO,12.8,4.39,13.5
ID_57019-1033503,100931,BIO,4.8,1.64,13.5
ID_57457-1033733,100931,BIO,19.8,6.79,13.5
ID_57653-1034079,100931,NG (Natural Gas),6.5,2.87,8.037
ID_57911-1034087,200071,BIO,1.6,0.55,13.5
ID_58022-1034088,740011,GEO,33.0,3.62,9.54
ID_58109-1034089,100931,BIO,37.3,12.78,13.5
ID_58266-1034092,100931,NG (Natural Gas),225.6,99.65,8.037
ID_58382-1034136,135041,BIO,4.8,1.64,13.5
ID_58591-1034139,100931,BIO,1.0,0.34,13.5
ID_58687-1034140,134201,BIO,4.8,1.64,13.5
ID_59382-1034144,133661,GEO,3.7,0.41,9.54
ID_59704-1034145,100931,BIO,1.6,0.55,13.5
ID_60263-1034147,100931,BIO,1.6,0.55,13.5
ID_6106-1034148,135041,BIT (Bituminous Coal),642.2,290.02,9.75
ID_7350-1034154,134201,NG (Natural Gas),266.3,117.62,8.037
ID_7413-1034155,100931,BIO,3.2,1.1,13.5
ID_7725-1034158,100931,BIO,5.6,1.92,13.5
ID_7931-1034159,134201,NG (Natural Gas),287.0,126.77,8.037
ID_8073-1034160,100931,NG (Natural Gas),586.2,258.92,8.037
ID_8073-1034161,100931,NG (Natural Gas),24.5,10.82,8.037
ID_3456-1035815,800071,NG (Natural Gas),628.0,277.39,8.037
ID_3456-1035816,800071,NG (Natural Gas),285.0,125.88,8.037
ID_50241-1035904,800071,NG (Natural Gas),4.2,1.86,8.037
ID_54628-1035934,800071,NG (Natural Gas),19.6,8.66,8.037
ID_58562-1043928,800071,NG (Natural Gas),263.6,116.43,8.037
ID_9-1046297,800071,NG (Natural Gas),80.5,35.56,8.037
ID_10215-1046299,500071,NG (Natural Gas),1.8,0.8,8.037
ID_299-1046301,500241,GEO,44.8,4.91,9.54
ID_3648-1046304,503161,NG (Natural Gas),213.0,94.08,8.037
ID_3648-1046305,503161,NG (Natural Gas),279.1,123.28,8.037
ID_3665-1046312,503161,NG (Natural Gas),30.4,13.43,8.037
ID_3686-1046316,500071,NG (Natural Gas),10.0,4.42,8.037
ID_3686-1046317,500071,NG (Natural Gas),7.5,3.31,8.037
ID_4251-1046324,501961,NG (Natural Gas),15.9,7.02,8.037
ID_50942-1046326,503161,NG (Natural Gas),3.0,1.33,8.037
ID_50951-1046327,500071,BIT (Bituminous Coal),58.1,26.24,9.75
ID_55302-1046329,503161,BIO,1.6,0.55,13.5
ID_55622-1046330,500071,NG (Natural Gas),217.0,95.85,8.037
ID_56102-1046331,500071,NG (Natural Gas),649.0,286.66,8.037
ID_56163-1046332,500071,BIT (Bituminous Coal),100.0,45.16,9.75
ID_56163-1046333,500071,BIT (Bituminous Coal),182.0,82.19,9.75
ID_56163-1046334,500071,NG (Natural Gas),6.4,2.83,8.037
ID_56177-1046335,500071,NG (Natural Gas),140.0,61.84,8.037
ID_56237-1046336,500071,NG (Natural Gas),1385.0,611.75,8.037
ID_56253-1046337,407871,NG (Natural Gas),80.0,35.34,8.037
ID_56509-1046338,503161,NG (Natural Gas),25.0,11.04,8.037
ID_56554-1046339,500071,BIO,3.2,1.1,13.5
ID_56853-1046349,500071,BIO,4.8,1.64,13.5
ID_57353-1046515,500241,GEO,14.0,1.54,9.54
ID_57899-1046516,407871,NG (Natural Gas),10.0,4.42,8.037
ID_57899-1046517,407871,OIL,5.1,1.79,9.96
ID_58130-1046519,500241,BIO,3.2,1.1,13.5
ID_58139-1046520,501961,NG (Natural Gas),5.0,2.21,8.037
ID_58191-1046521,500071,NG (Natural Gas),48.0,21.2,8.037
ID_58570-1046522,500241,GEO,25.0,2.74,9.54
ID_58597-1046523,503161,NG (Natural Gas),7.4,3.27,8.037
ID_59660-1046533,407871,NG (Natural Gas),6.0,2.65,8.037
ID_60349-1046539,503161,BIO,2.3,0.79,13.5
ID_6165-1046540,500071,BIT (Bituminous Coal),1577.2,712.26,9.75
ID_6481-1046543,500241,BIT (Bituminous Coal),1640.0,740.62,9.75
ID_7028-1046546,500071,NG (Natural Gas),26.0,11.48,8.037
ID_7080-1046548,407871,OIL,14.0,4.92,9.96
ID_7111-1046549,500071,NG (Natural Gas),14.1,6.23,8.037
ID_7408-1046551,500071,NG (Natural Gas),9.7,4.28,8.037
ID_7767-1046553,407871,OIL,10.2,3.58,9.96
ID_7790-1046554,503161,BIT (Bituminous Coal),499.5,225.57,9.75
ID_8010-1046555,500071,NG (Natural Gas),42.0,18.55,8.037
ID_8069-1046556,500241,BIT (Bituminous Coal),1037.3,468.44,9.75
ID_3845-1046822,102281,BIT (Bituminous Coal),1459.8,659.25,9.75
ID_3853-1046826,102281,OIL,2.7,0.95,9.96
ID_50185-1046853,100221,BIO,15.0,5.14,13.5
ID_50187-1046854,100331,BIO,59.4,20.36,13.5
ID_50231-1046856,135041,BIO,10.0,3.43,13.5
ID_50329-1046857,102281,BIO,4.6,1.58,13.5
ID_50886-1046865,106771,BIO,26.0,8.91,13.5
ID_54268-1046867,102281,NG (Natural Gas),139.8,61.75,8.037
ID_54476-1046869,102281,NG (Natural Gas),125.5,55.43,8.037
ID_54537-1046870,102281,NG (Natural Gas),285.5,126.11,8.037
ID_54562-1046871,100331,BIO,55.0,18.85,13.5
ID_54809-1046872,102281,NG (Natural Gas),5.0,2.21,8.037
ID_54809-1046873,102281,OIL,10.0,3.51,9.96
ID_550-1046875,110161,BIO,50.7,17.37,13.5
ID_550-1046876,110161,NG (Natural Gas),7.2,3.18,8.037
ID_55482-1046877,135041,NG (Natural Gas),284.3,125.58,8.037
ID_55662-1047145,102281,NG (Natural Gas),698.0,308.31,8.037
ID_55700-1047146,100931,NG (Natural Gas),319.0,140.9,8.037
ID_55818-1047147,102281,NG (Natural Gas),318.3,140.59,8.037
ID_55882-1047148,100221,BIO,18.0,6.17,13.5
ID_56016-1047149,134461,NG (Natural Gas),2.2,0.97,8.037
ID_56016-1047150,134461,OIL,1.8,0.63,9.96
ID_56017-1047151,106001,NG (Natural Gas),45.6,20.14,8.037
ID_56406-1047522,102281,BIO,28.0,9.6,13.5
ID_56932-1047891,134461,OIL,1.0,0.35,9.96
ID_57099-1047892,102281,BIO,64.0,21.93,13.5
ID_57298-1048259,102281,BIO,5.4,1.85,13.5
ID_57759-1048436,100931,BIO,61.5,21.08,13.5
ID_57969-1048438,102281,BIO,4.5,1.54,13.5
ID_58352-1048439,102281,BIO,20.0,6.85,13.5
ID_58688-1048561,102281,BIO,4.5,1.54,13.5
ID_607-1048563,102281,NG (Natural Gas),376.0,166.08,8.037
ID_6120-1048564,102281,NG (Natural Gas),169.2,74.74,8.037
ID_6210-1048569,106771,NG (Natural Gas),61.8,27.3,8.037
ID_7605-1048585,100931,NG (Natural Gas),248.0,109.54,8.037
ID_7832-1048586,100931,BIO,26.0,8.91,13.5
ID_7832-1048587,100931,BIO,10.5,3.6,13.5
ID_7870-1048589,102281,NG (Natural Gas),176.4,77.92,8.037
ID_7999-1048653,102281,NG (Natural Gas),650.0,287.1,8.037
ID_8022-1048654,106771,NG (Natural Gas),24.6,10.87,8.037
ID_99-1048659,102281,NG (Natural Gas),177.8,78.53,8.037
ID_2196-1049594,700001,OIL,2.0,0.7,9.96
ID_4158-1049595,700631,BIT (Bituminous Coal),922.2,416.47,9.75
ID_4162-1049596,501961,BIT (Bituminous Coal),832.0,375.73,9.75
ID_52127-1049604,770011,NG (Natural Gas),2.0,0.88,8.037
ID_54318-1049605,503161,BIT (Bituminous Coal),30.0,13.55,9.75
ID_54374-1049606,700631,NG (Natural Gas),3.9,1.72,8.037
ID_54374-1049607,700631,NG (Natural Gas),1.7,0.75,8.037
ID_54374-1049608,700631,OIL,1.1,0.39,9.96
ID_55278-1049609,701551,NG (Natural Gas),5.0,2.21,8.037
ID_55477-1049610,700631,NG (Natural Gas),40.0,17.67,8.037
ID_55479-1049611,700631,BIT (Bituminous Coal),90.0,40.64,9.75
ID_56312-1049746,503161,NG (Natural Gas),108.0,47.7,8.037
ID_56319-1049747,700631,BIT (Bituminous Coal),95.0,42.9,9.75
ID_56596-1049748,700631,BIT (Bituminous Coal),116.0,52.39,9.75
ID_56609-1049749,700631,BIT (Bituminous Coal),483.7,218.44,9.75
ID_57703-1050343,601941,NG (Natural Gas),100.0,44.17,8.037
ID_57703-1050344,601941,NG (Natural Gas),40.0,17.67,8.037
ID_57915-1050345,503161,BIT (Bituminous Coal),41.0,18.52,9.75
ID_57967-1050346,601941,NG (Natural Gas),2.0,0.88,8.037
ID_60130-1050347,701551,NG (Natural Gas),8.0,3.53,8.037
ID_6101-1050348,700631,BIT (Bituminous Coal),402.3,181.68,9.75
ID_6204-1050349,601941,BIT (Bituminous Coal),1710.0,772.24,9.75
ID_7039-1050364,700161,OIL,2.7,0.95,9.96
ID_7504-1050366,700631,BIT (Bituminous Coal),90.0,40.64,9.75
ID_7504-1050367,700631,NG (Natural Gas),40.0,17.67,8.037
ID_8026-1050369,700631,NG (Natural Gas),22.5,9.94,8.037
ID_8028-1050370,700631,NG (Natural Gas),22.5,9.94,8.037
ID_8030-1050371,700631,NG (Natural Gas),22.5,9.94,8.037
ID_8066-1050372,701551,BIT (Bituminous Coal),2441.9,1102.76,9.75
ID_6008-10388,408441,NUC (Nuclear),4209.6,4209.6,0.0
ID_6099-105883,261331,NUC (Nuclear),2323.0,2323.0,0.0
ID_371-1046821,135041,NUC (Nuclear),1200.0,1200.0,0.0
